308.0368399715934,291.6628697499773,275.3267405724414,259.28463783614313,243.7703814889943,228.9886931013704,215.10967981925518,202.26475666354162,190.5441597783098,179.99612636853743,170.62773652209458,162.40733246078563,155.26835655667853,149.1143848958618,143.82508187714416,139.26276605431343,135.27925989802594,131.72269696464835,128.44397854838408,125.30260658911205,122.17166776175169,118.94180185889115,115.52405184359922,111.85155909535796,107.88013125163985,103.58776784135378,98.97327738031231,94.05415629675225,88.8639234429196,83.44911347213815,77.86612844212662,72.17813095581234,66.45213603534106,60.756425362770244,55.15836947039101,49.72270397878049,44.51026798673843,39.57717879901131,34.974389413483266,30.747555030404598,26.937123051781995,23.578557672981162,20.70261464340365,18.335592949562965,16.499506488865023,15.2121384243909,14.486961909811043,14.33293136866024,14.75416683181328,15.749568616753379,17.31240991218425
288.37063165252687,271.99413268878976,255.71118711850855,239.76887067684063,224.3910211677683,209.77188710467087,196.0710215329956,183.4096252986686,171.86847396962565,161.4874854548794,152.26690546737416,144.1700099250503,137.12715167206073,131.0409176346362,125.79211515196016,121.24627529847857,117.26034804255131,113.68926941567781,110.3921036827591,107.23750189678094,104.10826933283911,100.90489453122228,97.54795796740211,93.97940445163523,90.16272610036572,86.08215836629444,81.74103705628457,77.15949723139059,72.37171405333811,67.42289070981143,62.366190190866604,57.25978746326433,52.164188789676714,47.13992837737666,42.2457123217842,37.537039079105384,33.06528741861965,28.877229529672476,25.014900688130226,21.515738947894988,18.412899307711314,15.735646586901169,13.509739035285293,11.757729162373266,10.499127648957455,9.750398508334428,9.524776834895619,9.831922549544117,10.677442805209353,12.062330787186141,13.982378609348984
268.643493902187,252.41005223952624,236.32520191982184,220.62494657250977,205.52131755559967,191.1964575791513,177.79797005824415,165.43571922593682,154.18019523194005,144.06248152748884,135.0757831900485,127.17839902445412,120.29795169280145,114.33663273749443,109.17717642519206,104.68925018284564,100.73594126759832,97.1800292950787,93.88976127353641,90.74388770861847,87.63577209839883,84.47644798651554,81.19656352236461,77.74721891092524,74.09976312044951,70.24466911064098,66.18964870512225,61.957196994303246,57.581770747397925,53.10680568979912,48.58176460364143,44.05938384752673,39.59325257604539,35.235819660600654,31.03688129711071,27.042560745312088,23.294753539515895,19.830979346617184,16.68455731307492,13.885006408796784,11.458566350550257,9.42873783936517,7.816752075146212,6.641897273962854,5.921652279439343,5.671602186627439,5.905136012315722,6.63294981940831,7.862398588728865,9.596755188233544,11.834444148144428
249.0871189274342,233.13955161511313,217.39423637464859,202.07427672175172,187.3782185644477,173.47461749218775,160.49788423401387,148.54557223884828,137.6772002372514,127.91462650242023,119.2439147345262,111.6185585346565,104.96386659075324,99.18225775200774,94.15917714972969,89.7693235019042,85.88287468522567,82.37141337979655,79.11328575097002,75.99817135489616,72.93069849525213,69.83300224911275,66.64618809824842,63.33072827830077,59.865876571317955,56.24823681924835,52.4896581836654,48.61465429907993,44.6575531608452,40.65958008921801,36.6660586298658,32.7238858479225,28.879401866596183,25.176731839633064,21.656635154671264,18.35585478764503,15.306922299459444,12.538343400593334,10.07506705728261,7.939128764367496,6.150356066959972,4.727031124076433,3.686419856594398,3.0450982638436415,2.8190317248630947,3.0233902435240623,3.6721093854436333,4.777231013061282,6.348078105582374,8.390332655623865,10.90509407242564
229.9061759463515,214.3809204761709,199.1095532979444,184.30062210700217,170.13768845886526,156.7744217880189,144.33097573749222,132.89178804811505,122.50487434091158,113.18261130929035,104.90393048575098,97.61777425084449,91.2476052281647,85.69671222908477,80.85402324535127,76.60012042205011,72.81315414937369,69.374372905352,66.17302066127938,63.11040192482754,60.1029724320625,57.08437713459516,54.0064222121635,50.839030148920514,47.569282541000334,44.19970093743795,40.74594914867211,37.23415953708982,33.69809032339461,30.17631142938521,26.709594321589904,23.338649023733353,20.10231184433259,17.036243701222247,14.1721546144787,11.53752823049902,9.155784002714284,7.046786183144462,5.227589652454185,3.71330361915372,2.5179553268816903,1.6552463390236767,1.1391122847563793,0.9840212071058261,1.2049735858452664,1.817196317190735,2.8355510807968756,4.273702515164501,6.143111729142106,8.451934672556831,11.203912078525946
211.2741662727351,196.29782764377552,181.62441427351703,167.4464688085299,153.93128047472374,141.2165424981944,129.40728766374795,118.57421917575375,108.7534837108669,99.94786058794116,92.12926963302624,85.24243484758776,79.20948532209565,73.93523229629609,69.31283433798026,65.22955276620866,61.5723070399936,58.23276408495137,55.11173456856683,52.122700141959584,49.194355078677305,46.27210950879309,43.3185653200247,40.31303563506148,37.25023082643625,34.138275201687975,30.996246542454656,27.851444363578338,24.736591875877295,21.687162024283282,18.738991401187576,15.92630984207463,13.280271191632607,10.828025479201415,8.592328000620398,6.591639786313095,4.8406394156524755,3.3510402546515934,2.1325913255134026,1.194134717992739,0.544597452692642,0.19380998231719104,0.1530654049897464,0.4353608299595635,1.055292762119251,2.028609359351208,3.37145157791079,5.099340459892517,7.225987461067604,9.762017626504274,12.713701027972235
193.33097640851358,179.01716861409017,165.05223596064678,151.61150262832484,138.84493424325922,126.87338834325365,115.786130655363,105.63970915459898,96.45820868686039,88.23483832895158,80.93473584202683,74.49881265361059,68.84841247815785,63.89052000308827,59.52323519525733,55.641224864411754,52.140876179851475,48.924905782731045,45.90622083369334,43.010881760214914,40.18007692274166,37.37108280214892,34.55724540749321,31.727075385753523,28.882597228871603,26.037129174722622,23.2126929494829,20.437260476660242,17.742038219761525,15.158970080988638,12.718608798344547,10.448466334341163,8.37190908848936,6.507617376520443,4.869583950675462,3.4675865415433407,2.30803712323015,1.3950877918441336,0.7318609506204439,0.3216702136724052,0.16910754295795982,0.28089034413341096,0.6663876791636483,1.337775086656933,2.309800181009706,3.5991736468486977,5.223630044767617,7.200727928964483,9.546477552770511,12.273895879849363,15.391592304143273
176.1821906435219,162.6287998859237,149.46675738244988,136.85321471953594,124.9200191921865,113.7705794423265,103.47797677249915,94.0843880835055,85.60181871314676,78.01407566173081,71.27984788341895,65.33670441362175,60.10577654098222,55.49685975734634,51.41365666419658,47.75888416768798,44.43898684080034,41.368231864188076,38.47200708143214,35.68919919942378,32.973590221800265,30.294272693262656,27.63514410535784,24.99359399264695,22.378540502541767,19.808003996703988,17.306421926886088,14.90191125150335,12.623672503970937,10.499704764124147,8.554965547361235,6.810066997554173,5.280553147876219,3.976755946487259,2.904183659885746,2.0643572235900933,1.455980582757661,1.0763117863197635,0.9225934585366247,0.9934042948922865,1.2898066077305543,1.8161871473778035,2.5807173353654207,3.595392171437993,4.875641739800187,6.439542800142846,8.306687994257715,10.496794714132221,13.028153174180375,15.91602282186193,19.17108765458002
159.9001203211514,147.1871010210335,134.90414251950335,123.18954578740201,112.15651477221988,101.89065150293044,92.44866943872188,83.85836446291134,76.1198171587053,69.20773544952903,63.074787310251935,57.65572275845403,52.87204588618212,48.63697370623888,44.860410536958256,41.45367495882061,38.33374037722072,35.42678819774085,32.67092191146679,30.017947597068613,27.43418756942195,24.900355012620665,22.410574371342562,19.970681342856565,17.595974440724518,15.308615050889614,13.134883416235851,11.102493863717427,9.238154671588376,7.5655280646302,6.103706523876582,4.866276093639414,3.8609891853533327,3.0900220987350338,2.5507494866492095,2.2369322082693657,2.1401887249990637,2.251604877107013,2.5633331448943295,3.0700400736113522,3.7700783306927406,4.666286069740522,5.766348567733161,7.082692814621424,8.631922090560039,10.433831882228134,12.510078379185074,14.882594321501017,17.571862780326512,20.59516682383152,23.964931884554076
144.52640496361116,132.71419727083025,121.3668284755287,110.60335659182883,100.5180929718812,91.17873319095771,82.62567213028125,74.87251588909315,67.90773965029842,61.697379669618385,56.18859296699476,51.31387353637949,46.99568182782639,43.151226959937816,39.69713969226251,36.553788671849816,33.64902184062878,30.921157117308795,28.32109864743326,25.813513479376198,23.37706449356041,21.003754681203446,18.697491501007022,16.47202455219204,14.348442402554724,12.352433204789662,10.511517843387225,8.852453959418085,7.398985514578413,6.170077706805529,5.178733909083178,4.431443249453423,3.928258110278648,3.66345379465713,3.6266811886495702,3.8044902104713287,4.182079231992418,4.745114691729924,5.481466093521988,6.38271391686348,7.445310257734491,8.671302211095224,10.068563549551413,11.65051832827234,13.435377787915002,15.44494663544603,17.703084116998383,20.233927435951514,23.05999880039387,26.200322183066973,29.668671872594643
130.07594773414982,119.20457779165588,108.82882672925169,99.04840497393585,89.93875653386607,81.54982402689139,73.90595807495328,67.00695700841925,60.8301618746688,55.33347468962283,50.45911834377755,46.13791778928079,42.29385664762671,38.848652893472675,35.72610250548348,32.855960591545184,30.17716410887573,27.640246566172138,25.20884987380441,22.860298076003005,20.58525802142603,18.386569044771676,16.277373650139026,14.278720757050763,12.416839813319513,10.720296463154511,9.217237997385467,7.932920083368629,6.8876768627993386,6.095456871118358,5.563000504000655,5.289684488934256,5.268008724710853,5.484654510135869,5.922003794245313,6.559979226506925,7.378046263987045,8.357212311994516,9.481863810210797,10.741299419131394,12.130844307228102,13.652464661974989,15.314840187735172,17.132892549493448,19.126806536654513,21.3206154597288,23.740450687411368,26.412575588071462,29.361335428811827,32.607156683546435,36.16472206745364
116.54187062148263,106.63076365817564,97.24210060432281,88.45642184655193,80.33059528927986,72.89720613995738,66.16504640122659,60.120663707477334,54.73087099507315,49.94606556654804,45.70416184475516,41.93490946124436,38.564349512678305,35.51915818459179,32.730638808570035,30.138150062453377,27.691797701069888,25.354267272185297,23.10173235444792,20.92383309275779,18.822779123879513,16.81168538889898,14.912295190713223,13.152279180887149,11.562319599311337,10.173194890928613,9.01307070348733,8.105180212436153,7.466041686449273,7.1043169782431335,7.0203645817456675,7.206488754465113,7.647835737848283,8.323842866480078,9.210109408154608,10.280531693252271,11.509530995753039,12.87420130641857,14.356215228617941,15.943348480177832,17.63051488831843,19.420241726726843,21.322556802840694,23.354300767242734,25.53791769653742,27.899811422493684,30.468382171855225,33.271876298144036,36.33619040236496,39.68276984999531,43.32673119894612
103.90111865644904,94.94962174024197,86.54358201480636,78.74481672913682,71.59215952841996,65.1014582226556,59.266623839836654,54.061664963827596,49.44358619169344,45.3559808957103,41.73310958683224,38.50422872351328,35.597922687455934,32.94619481554032,30.488091769494545,28.172668031094872,25.961141838598436,23.828147486872908,21.762048009863733,19.764332861954657,17.848183217122596,16.036338997984302,14.358443286706546,12.848068631815124,11.539644142845077,10.465501393858915,9.653241370274202,9.123595379374791,8.888912340647096,8.95235627347239,9.307844726420171,9.94070520653824,10.828976190904967,11.945235527561152,13.258804879901191,14.738156477723209,16.353339038257445,18.078243563058436,19.89254608735625,21.78319176581617,23.745320597909156,25.78257677441107,27.906787908591696,30.13704409157249,32.49824675575455,35.01923111080349,37.73059137286245,40.662353771376246,43.841647768723334,47.29052121428471,51.024031114568785
92.12031139882004,84.10888919869177,76.66235911813854,69.82451197880809,63.61691799616793,58.03950888210109,53.07216018904131,48.67718319895904,44.80258359473659,41.385899854065556,38.358400819027224,35.64940161431281,33.190451573133245,30.919157669518384,28.782431694827437,26.73898756613582,24.760964280594678,22.834606903776006,20.95999880818175,19.14989905933558,17.42779527520301,15.825330641167284,14.379300798367524,13.12843959435773,12.11022073587236,11.357894844734403,10.897959036504886,10.748220710670324,10.916571465698127,11.400534336748848,12.187591742019862,13.256246611918044,14.577719013193757,16.118138588081308,17.841062061226012,19.710126817521555,21.69164704420477,23.756968066148843,25.88441621231425,28.060713896662165,30.281769943351122,32.55280042681191,34.88778209229751,37.30828545815935,39.84177492863276,42.51949609344774,45.374093924352664,48.43711861956277,51.73657800322536,55.2946870586693,59.12594745556912
81.16143611334638,74.05347119908119,67.52656611256418,61.60740631244465,56.3012714315566,51.59317182765324,47.44993290321723,43.82311299358082,40.6525917037569,37.870625622339446,35.40614019250816,33.1890122937957,31.154099015067942,29.244784397629815,27.415846766650475,25.6354927919715,23.886457861359077,22.16613221093806,20.48573455111709,18.868615453791705,17.347827421362297,15.963143628782177,14.757739767165901,13.774771066730978,13.05407833176298,12.629242708559218,12.525180083511287,12.756424664951282,13.326200502014274,14.226323135660095,15.437915320194662,16.932864908849496,18.675903430945,20.627143934801907,22.74488890463263,24.98850511882962,27.321162806322135,29.712250934002796,32.139307489123226,34.58934092603839,37.05946358637223,39.556806522610714,42.097734243586444,44.70642405122919,47.41291479350501,50.25076151941177,53.25445389710599,56.456766363816996,59.88620666693322,63.56471738412243,67.50576353668589
70.9870008048222,64.73110170203734,59.06953725916266,54.01300267868157,49.55163065496336,45.65664699616008,42.28292132301861,39.37227655933141,36.85737513644844,34.665964141271886,32.7252386759622,30.966074318836647,29.32688668697716,27.756898569437382,26.218631726395927,24.689489028911893,23.162350063114346,21.645165888888386,20.15960215838824,18.738839977850702,17.424696644013807,16.264270101066273,15.306338802645229,14.597760756359662,14.180111117875924,14.086777201551683,14.340694741441126,14.952862245786037,15.921714750127506,17.233378168033255,18.86276502155799,20.775415821752233,22.929941630787994,25.280885609838222,27.781797029074085,30.388301662706596,33.060958000844494,35.76770848915753,38.48576726781398,41.20282800703994,43.917524190115785,46.63912598792453,49.38650902606153,52.18647738080115,55.07156300055237,58.07745401700883,61.240223447277515,64.59353681891272,68.16601236922314,71.97889159563336,76.04415268645153
61.564314928224434,56.09701201578969,51.23484726432022,46.97380082257958,43.290138667031854,40.14254725292413,37.47511152607444,35.22097954532855,33.30651421258344,31.655701008681916,30.194562625574235,28.85532856028746,27.580120695847157,26.3239441678341,25.056814859257386,23.76490814169705,22.450674609524683,21.13193354284985,19.840019352181983,18.617115940626007,17.512964690943846,16.581170157287772,15.875350872891772,15.44538938619175,15.334025288025572,15.574008380125008,16.18598820026361,17.177263807434343,18.54145777873174,20.259115022782098,22.299164713357754,24.6211266981351,27.17789600246033,29.91890366186746,32.79343127842496,35.75385151780385,38.758577220618804,41.77452675843796,44.778950586450605,47.760510689121446,50.719557259959956,53.667601691320314,56.626037948190444,59.624212107758396,62.69697922452809,65.88191539997926,69.2163695195681,72.73454299729028,76.46477738585499,80.42721003931784,84.63192904085595
52.8686375690322,48.11733033955488,43.97994528718441,40.43914656383825,37.458714356466274,34.98611473969049,32.95586329945128,31.293507103288675,29.920009727782244,28.756296311741337,27.727702236299564,26.768071389486735,25.823268368489053,24.853902621667004,23.837109569269757,22.76729131802891,21.65578404816847,20.529486287919283,19.42854761828073,18.403276439769968,17.510474227742804,16.809438827819605,16.3578983510817,16.208138797650207,16.4035725685726,16.97596266218551,17.943470895426287,19.309641236970307,21.063365331023135,23.179811019289033,25.622230743965687,28.344509521128018,31.294265560260854,34.41628360058748,37.65604364981641,40.9631069026191,44.29413585591938,47.61535556036546,50.90430508553561,54.15077937711341,57.3569179568218,60.53645434074434,63.71319466518803,66.91884219970706,70.19032317498711,73.56679642676583,77.08654343627462,80.7839360723847,84.68666729756191,88.81340671405732,93.1720102350083
44.88502199824357,40.7710321965762,37.278194065490766,34.37734153037705,32.021214495106236,30.147417187846912,28.682123890327148,27.5443398814553,26.650488239303343,25.919068955213064,25.275127701864065,24.65427869072184,24.006049404939674,23.29635352890793,22.508949954023095,21.645807191974825,20.726359968338585,19.785713786728934,18.871919230020552,18.042496210401993,17.360435263826986,16.88993503529244,16.69215005788851,16.82121971602305,17.32082810471894,18.221506823031973,19.53884121181622,21.27267877948651,23.40737088057307,25.913009838803333,28.747558399513707,31.859711111124582,35.19228180015381,38.68588064461201,42.28263029666775,45.929673670013216,49.582245773793645,53.206116565675075,56.77925843328089,60.292647050109665,63.75016395087471,67.16762901652032,70.57104706718471,73.99420126778492,77.47576406636244,81.0561217708024,84.77412046378689,88.66393860171387,92.75227615627921,97.05602321175803,101.5805348962576
37.60878528365744,34.05036953211152,31.11924160534896,28.77594102631727,26.96364246320674,25.611453883372036,24.63841987710076,23.958023275465195,23.48294341434392,23.129808394415974,22.823673381891552,22.501968318005055,22.1176861714099,21.64162574808317,21.063558643338965,20.392254796474575,19.654371165325884,18.892278680446466,18.16096913070851,17.5242414319562,17.050411829965242,16.807821814458777,16.860428778401854,17.26375689857892,18.061459815043605,19.282704218269643,20.940527362343687,23.03125571494344,25.535001015658167,28.41717886221224,31.630928478659527,35.120255053069755,38.82367177426049,42.67809027270579,46.62269724131647,50.60256196390367,54.571743427808684,58.49570457829458,62.35289201932224,66.13539826541633,69.84868623571224,73.51041766505767,77.14848429199655,80.79838936800606,84.50016425300515,88.29502857751638,92.2220116485802,96.31474748886379,100.5986371633755,105.08854176411603,109.78713018556658
31.04463484457284,27.959817593954597,25.507772318079375,23.640295138170217,22.292467387478453,21.386243788244954,20.834708602995775,20.546780291370425,20.432112539278407,20.40592129675302,20.39346546248902,20.33392384418751,20.18344261720256,19.91717414691813,19.530187079074025,19.037195434053302,18.471126744807805,17.880621302651917,17.326621479114294,16.878267287685446,16.608357849531956,16.588665142713808,16.885394399671668,17.555074124227588,18.641128644141162,20.17133943238771,22.156341338100233,24.589230531388182,27.446287193746087,30.688742880058868,34.26545505381418,38.11629412208674,42.17600515622715,46.37828011602012,50.65976830430297,54.96376315015563,59.24333112402719,63.46369130660547,67.60370853790327,71.65642511395284,75.62862120346516,79.53945798253582,83.41831564047254,87.30198715773756,91.23142516638652,95.24826132151819,99.3913245638318,103.6933766521167,108.17826162435762,112.85863251773392,117.73437653590987
25.204583001070006,22.51368554125277,20.46079892404323,18.990510112557914,18.031246619208133,17.499104648557733,17.302313730902455,17.34610794440809,17.537742922182304,17.791381927105874,18.03257504130511,18.202073573780126,18.258756582758878,18.181496199310857,17.969850380374055,17.64354202445284,17.24075756553188,16.815371337328372,16.43326923750638,16.168001894152212,16.096039671622606,16.291926432273186,16.82363417365383,17.748406007626528,19.109341360845463,20.9329270140899,23.2276541121834,25.98378894941854,29.174289175622633,32.756782326611614,36.67645538241588,40.86964700546372,45.267891977844215,49.80214280021815,54.40688780652452,59.023898494519585,63.605369735736446,68.1162625624005,72.53571678259918,76.8574654899547,81.08925096095719,85.25130679657558,89.37403008882691,93.49501611738455,97.65566370282372,101.89757998920891,106.2590183518561,110.77157269349311,115.45732702064139,120.32662317312142,125.37656488926311
20.10486855752518,17.732631424977427,16.003757784673468,14.857114904359634,14.215858700674545,13.991452277269673,14.08829570960296,14.40872891583922,14.85813994400354,15.349896923894846,15.809824883995788,16.179969123493407,16.421424167152622,16.516059630036096,16.467038581212563,16.298096283750084,16.05162288385887,15.785667731500894,15.570050531992507,15.481820790672487,15.6003480577252,16.002348346199483,16.757155057676783,17.922525466719463,19.541237370541467,21.638677350301847,24.22155585181831,27.27780954354705,30.777673314239337,34.67582821356808,38.91446282271643,43.427028615421136,48.142428587701204,52.989355389419785,57.90049164609081,62.81630097124777,67.68817182907524,72.4807251775807,77.17315696710662,81.75955365436445,86.24818812287802,90.65986998854548,95.02548377288927,99.38289706243887,103.77345566759638,108.23830214297195,112.81475719572612,117.53299098952793,122.41318471978329,127.46334453905251,132.67788307728654
15.762175015539327,13.639398070604585,12.165751470311989,11.275804086730801,10.888745252861042,10.912545286946937,11.248708607385566,11.797375182294445,12.462497552984786,13.156807917915927,13.806294310593074,14.353927177274358,14.762416872172992,15.015836745975491,15.120012495475919,15.101652221928646,15.006268491495518,14.89501852809613,14.840656428732473,14.92284728326112,15.223133343258837,15.81986399393162,16.78340258477283,18.171903926816896,20.027917675625474,22.37601747192032,25.22158738933298,28.550820646030942,32.33190596636652,36.517299911451786,41.04691420987241,45.85199028949006,50.859392584191866,55.9960303110729,61.19311546104882,66.38998246347364,71.53723072538241,76.59900212790235,81.55426769922562,86.39706650693307,91.13571041041817,95.79103581027212,100.39384343216777,104.98171568961662,109.59543542976905,114.27524813561031,119.05721138046415,123.96986112280759,129.03139597830184,134.24754049275396,139.61019990860902
12.189483223365528,10.254138228835671,8.974337754164878,8.28168714006091,8.092622357200241,8.312665849564297,8.841263062669924,9.576951430471325,10.42258570073676,11.29033154604275,12.106144950773768,12.81347826384831,13.375994218392037,13.779124583295186,14.030377243448783,14.158370286555794,14.210649315551763,14.250419572268612,14.35239243882404,14.598001760090227,15.070285239296709,15.848746992846515,17.004517596776708,18.59610743779794,20.666009183515015,23.23834838499036,26.317711500488812,29.88920278535717,33.91970090673557,38.36020837213211,43.149117229580185,48.216157713114725,53.48675631059686,58.886508638166646,64.34547163741476,69.80199863257803,75.20587795384655,80.52058816443004,85.72454643135353,90.81129658825327,95.78865495380498,100.67690005666634,105.5061525415801,110.31313988474271,115.13757429277443,120.01838959790051,124.99008360210274,130.07939686096347,135.3025291139312,140.6630531358146,146.15063603904667
9.391918937462947,7.589721726322892,6.450290208786043,5.903501652917299,5.8641509495795106,6.236257329151215,6.917946582215762,7.806658651686888,8.804402791585147,9.822770871457976,10.787425353131738,11.6418023439835,12.349811075013946,12.89736707523872,13.29266400317374,13.565164395826997,13.763367684160045,13.951489531139913,14.205254736120395,14.607061876817028,15.240817551982616,16.186758637400118,17.516580774347347,19.289170219638535,21.547195522427202,24.314757976553523,27.596229358567484,31.376326957079243,35.6213947577851,40.2817814705932,45.29513623112646,50.59038600236286,56.09211869245591,61.7250752941588,67.41845403390218,73.10974921660106,78.74788537328452,84.29546041607966,89.7299757293038,95.0440017503516,100.2442995741616,105.34998747434724,110.38990141600951,115.39934682582931,120.41647225889477,125.47851248482971,130.61814845984503,135.8602154024494,141.21895958905293,146.69600226151945,152.27911858668728
7.362951631272011,5.6474128930288146,4.602750733577892,4.158242653007051,4.228049894432104,4.715533187723935,5.518145330541984,6.5326505505957755,7.660392767388942,8.81232308563429,9.91350263102737,10.906820565444548,11.755707945780784,12.445683945610199,12.984638635447311,13.401831866848767,13.745666000394863,14.08036608286369,14.481769461191249,15.032482964620357,15.816705696329166,16.915036228468296,18.399582971095555,20.329675520871888,22.748434204349195,25.680397531802214,29.130336806072236,33.083308551139794,37.5059141800356,42.34865802647437,47.54922489627184,53.03644139136185,58.734645182061186,64.56816566168803,70.465619106888,76.36374120584749,82.21051780191954,87.96742787396073,93.6106770685025,99.13137077132018,104.53464769578817,109.83786328176441,115.06797228137289,120.25830793588982,125.44498830457974,130.66319692694213,135.94358465034713,141.30902290828124,146.7719078449255,152.3321722136374,157.97611133592994
6.081270679729215,4.41327405667289,3.4251594997762425,3.0466230297709274,3.1920956994853498,3.765029395378292,4.662766937872078,5.7817483839943975,7.022777105900474,8.296056804685747,9.525715684294141,10.653556986107702,11.641815175262735,12.474752252630026,13.158995784122396,13.722595182284465,14.212850747307357,14.693045816865208,15.238280936992169,15.930665482357938,16.854162604709757,18.0894048132551,19.708798228524756,21.77221338773367,24.323520678513916,27.388171711431667,30.971958101439938,35.06100104472141,39.62294416988985,44.60924401244904,49.95838248457916,55.59976863569406,61.45805660233381,67.45758546249031,73.52664586592061,79.60129745978621,85.62849849841373,91.56836158953028,97.3954132484608,103.09880508792867,108.68149601996532,114.15849281402629,119.55429618291384,124.89974744330229,130.22850389767774,135.57338773937323,140.96285305413582,146.4177991347701,151.9489276923233,157.55479937939376,163.22069474088423
5.50861143827575,3.85559322041658,2.892285985724783,2.5497140151585427,2.7433826479841343,3.377498234688062,4.349785429277972,5.556657452807912,6.898465808154043,8.284542462209032,9.63775136100088,10.898287809534594,12.026503019826748,13.00458507256917,13.836993576606545,14.549619412723644,15.187718377427643,15.812743182911191,16.498266988982607,17.325248671241553,18.3769313175207,19.73368798248174,21.468130786560394,23.640780723035704,26.296557210204654,29.462291073926067,33.14539607419718,37.33375705244153,41.99681263298196,47.08773272192998,52.54652116707463,58.303816621737425,64.28512369679969,70.41518446542304,76.6221984879086,82.84161746914849,89.01927675403377,95.11367715429816,101.09729311779527,106.95685234005404,112.69260259189411,118.31664885189252,123.85050326125474,129.32203814788772,134.76206557085206,140.20078382320358,145.66433162644583,151.17167507433928,156.73202253438183,162.3429213953861,167.98914110410018
5.588731068761234,3.9235558220987627,2.9586009334924483,2.627025194136678,2.8461219961018287,3.5214406950781267,4.55152323838567,5.8330170608473395,7.265894999236906,8.758498088434408,10.232119281275487,11.624865981895397,12.894576200419436,14.02061530975459,15.00444485853356,15.868927742677272,16.656410616189078,17.425699679026707,18.248114820698788,19.202864752436184,20.3720281503886,21.83544988011657,23.665865258969873,25.924548623949065,28.657746256666528,31.89410042000935,35.64320455930314,39.8953542529386,44.622479526565826,49.78016716269778,55.31061196278401,61.146278295705386,67.21401152637333,73.43931569461432,79.750510375392,86.08249581722369,92.37988964667302,98.59934780672228,104.71094311394236,110.69854231794879,116.5591919232946,122.3015894110618,127.94377538085965,133.51022972751454,139.02858842678702,144.52621510612477,150.02686278704505,155.54764665791333,161.09652018637019,166.67040692987544,172.25409231543378
6.247647911252216,4.5472877732409245,3.558129641753567,3.216177367790408,3.441146040148368,4.140455212358944,5.213859389439108,6.558483653442067,8.074000724276374,9.6676691197803,11.258952190706196,12.783455384022005,14.195953671683071,15.472331005731462,16.61031611938202,17.628970201741566,18.566957403750564,19.479703823789237,20.435619527800156,21.511616523875844,22.788199320227577,24.34443060155219,26.253080726187136,28.576255624086073,31.36176414815776,34.64043527531531,38.42453127777647,42.707329574164504,47.46386855862929,52.65277669130464,58.21903477704683,64.0974633949118,70.21668472779498,76.50328328681029,82.88588459990834,89.29888479297414,95.68559570325704,102.00061705027034,108.21130554746412,114.29827625425261,120.25493915187332,126.08613909019107,131.80602545208558,137.4353253406707,142.99822795016215,148.51910625808367,154.01930466815514,159.51420828997277,165.01078277717454,170.50573555561127,175.9844030191228
7.395165289770404,5.639296783495325,4.605819470350781,4.234206696728393,4.447160660139815,5.154451123795809,6.2574165394822785,7.65390369583352,9.243388917214588,10.932005199519978,12.637197380198643,14.291742360256421,15.84690322463723,17.27453335501403,18.568006666463845,19.741919308657188,20.83058216979687,21.885397457502762,22.97128152825475,24.162355257916317,25.537168445260875,27.1737527878184,29.144806804407764,31.513304983290084,34.328793105602884,37.62458420203312,41.416008253093224,45.699797837551245,50.45461644366492,55.64266136117895,61.212204156426566,67.10087341067603,73.2394405638645,79.55584313960424,85.97917182960059,92.44335899949762,98.89033489335286,105.27246167470605,111.55411093436277,117.71231317541259,123.73647341276686,129.6272107138112,135.3944368880356,141.05483684889595,146.62894754149823,152.1380519135379,157.60110850853292,163.03192630080022,168.43676985184482,173.81254409428644,179.14566406315197
8.927607748309384,7.097238659846482,6.000346629887645,5.580423263564256,5.763667230808153,6.462645190764135,7.580642441252934,9.016488861195029,10.669610989498551,12.445040239960974,14.258102297875126,16.038524687027575,17.73372821544993,19.311112208630163,20.75920069462387,22.087583587494763,23.325659210434154,24.520257487554517,25.73229192274013,27.032648366068685,28.497565370842963,30.20379135013407,32.22381555311233,34.621462195630315,37.448110380565325,40.73975856863716,44.51509438450766,48.77466254487611,53.50115046090539,58.660737730702664,64.20538739428994,70.07589815630568,76.20549170898786,82.52368068847963,88.96015230532501,95.44841060188557,101.9289455629176,108.35173767841755,114.67795873407188,120.88078954711895,126.94533859954909,132.86770749808224,138.65330561933737,144.31456345261338,149.8682291299506,155.332453523841,160.72387528367247,166.05490856018002,171.33141423819953,176.55090244761087,181.70137279284694
10.731611534973666,8.807842013061077,7.628186941309679,7.1406396756271135,7.275360206187969,7.948138011958122,9.064573097971191,10.52477129439501,12.22831347345138,14.079235159632901,15.990745195158922,17.889420842220915,19.718642025971747,21.44106826688018,23.040016010943148,24.51965832679913,25.90403927400213,27.234967088353358,28.568918886974316,29.973150201154084,31.521251102959084,33.28842360059471,35.346769990981755,37.760877880731414,40.58396486493395,43.854805972124566,47.59561275749705,51.81096818870877,56.48785079438076,61.596709899217174,67.09348614247845,72.92241250641604,79.01938471443704,85.31565906561408,91.74162233863686,98.23038281909332,104.72095297025808,111.16083076310721,117.50783516076211,123.73110790426749,129.8112542950089,135.73965571536974,141.5170419764633,147.15145854304495,152.65579933373246,158.0450981467446,163.33377987559004,168.53306668508378,173.64871533259864,178.67923183714566,183.61467136388944
12.688737698300741,10.651745071263178,9.368689193433028,8.792492954169717,8.8577080498045,9.483762369387307,10.578954121603147,12.045000199973657,13.78190815337274,15.692915545979247,17.689229696561966,19.69430610852548,21.647425611607247,23.5063674763325,25.249026564320232,26.873883954970964,28.399308624324732,29.861738244305826,31.31285534597305,32.815936334894445,34.44160095225803,36.26322525350341,38.35229953581201,40.77401258304246,43.583325113767145,46.82175972501102,50.51508445639898,54.67200592348277,59.283920124031766,64.325699287047,69.75742637579738,75.52692965898703,81.57292209448852,87.82851719123117,94.2248764704224,100.69474434428045,107.17564360802851,113.61253705355456,119.95980518287716,126.18244306983037,132.25643702781002,138.16833966016026,143.9141160109079,149.49738025401783,154.92717871266845,160.2154989204909,165.3746948533283,170.41501531939042,175.34240672316696,180.15673478095016,184.85053470941807
14.680620329361034,12.50893737497131,11.099823672244924,10.411511781254802,10.383348938924627,10.93881433368719,11.989310757812547,13.438550305417778,15.187313995261746,17.138337213325315,19.201059044031453,21.29597538307476,23.358353673957566,25.34110056208445,27.216620991730565,28.97756554053352,30.63642849728369,32.22402812607133,33.78696817978451,35.38424148323999,37.08318808621965,38.95505852736105,41.070454509210336,43.49492325452776,46.28496773928188,49.484703904413976,53.123350076030846,57.21367645508565,61.75147775770719,66.71606447253707,72.07170247618659,77.76987143170084,83.75216346676493,89.9536082408973,96.30619076873938,102.74232519394805,109.19806080716111,115.61582450821913,121.94654413926091,128.15104637207477,134.2006772957342,140.0771494708945,145.77167203211636,151.2834668356451,156.61781070923305,161.78376941089314,166.79180173582486,171.65141208968242,176.3690174757093,180.9461717701106,185.3782585929497
16.594327732503842,14.26446075808903,12.704236425529047,11.877535536663174,11.728883445855331,12.186225217445923,13.164500897010697,14.569853336355493,16.304259666538428,18.27034719113348,20.376137633876553,22.539461972124883,24.69180219923166,26.781345899975378,28.775083023337757,30.659829208885654,32.442123104565184,34.14701228788938,35.81580927178999,37.502961175509384,39.27222976566394,41.19241909058036,43.3329130613638,45.759293361620536,48.52929848075466,51.68935820009857,55.27189644856145,59.29354207221826,63.75432554682817,68.63787435978391,73.91255526926544,79.53345235305181,85.44501966926234,91.58420970250258,97.88385582294751,104.27607988947457,110.6955048475174,117.082075539252,123.3833267691422,129.55598294471713,135.56682476510187,141.3928116092584,147.0204996470192,152.44484173298198,157.6674928724016,162.69477224023305,167.535448037375,172.19851445709156,176.69112119061015,181.0167965308732,185.17407720751586
18.327602444838703,15.814010193599302,14.075224033145588,13.08107380929539,12.78162673038591,13.109710925934877,13.984262047719312,15.314338576736958,17.003608748853623,18.955079474960385,21.075817866399987,23.281410786175883,25.499918110528014,27.67510095372903,29.768745768521526,31.76195675599837,33.65534928575056,35.4681422305332,37.23621302343534,39.00924147882333,40.8471227987861,42.81587302802272,44.98327860971034,47.414553720055736,50.16826395277647,53.2927531302479,56.823273158908776,60.779967602683456,65.16680155848739,69.97146760578732,75.1662344697987,80.70964593307497,86.54892642497455,92.62290992210228,98.86528271927617,105.2079196421569,111.58409760429443,117.93138919108927,124.1940702969442,130.32491703732526,136.28631488592737,142.0506536057679,147.6000313646229,152.92533699024506,158.02481765278623,162.90226805797025,167.56499500066064,172.021717248678,176.28055546000087,180.34725123609934,184.2237302162818
19.79365713931402,17.069085952923757,15.122254290384433,13.929205490474516,13.445893008151018,13.610445319299231,14.34627317582806,15.565878404402696,17.17517948231182,19.078134549433642,21.1814199683038,23.39891396995891,25.655741392216825,27.89165710942612,30.06358151083714,32.14714934062279,34.137190499758944,36.04712444024662,37.90731448931342,39.762490566656766,41.66840415530744,43.687924330054585,45.88681510855572,48.329450267588385,51.07472104938171,54.17237502458818,57.659992095235594,61.56075858212178,65.88214580074535,70.61553936818694,75.73680392215994,81.2077092144624,86.97809161385405,92.98858328728865,99.17371227860667,105.46516194135035,111.79497820385342,118.0985273739145,124.31703404996378,130.39956578055148,136.30437534886534,141.99955953019298,147.46304133942493,152.68192777464128,157.65133390138826,162.37279443509698,166.85240414188712,171.0988375847232,175.1213970257508,178.92822546795517,182.5248013612845
20.925235974449848,17.961382471770378,15.77569360125213,14.350653414359414,13.64842340112068,13.612844028826572,14.17229361915824,15.243277452376162,16.73457505289656,18.55173722267,20.601699259884114,22.79726500323021,25.06121912653599,27.329842777182236,29.555639494639834,31.70912265742419,33.77956987234897,35.7747103800081,37.71937482085845,39.65319845326522,41.627525045963864,43.701705434486485,45.93901900611823,48.402465887901826,51.15068111312192,54.23420941120733,57.692351512814355,61.55075205182462,65.81984823943384,70.49424111583639,75.55299138062361,80.96078368809697,86.6698507772891,92.62250530726467,98.75409546393892,104.99618206398375,111.27973075372122,117.53812269564385,123.70980958069073,129.74047178046425,135.58457917363654,141.2062994429799,146.5797450629648,151.68859449862717,156.52516235293047,161.08902490081553,165.3853298837731,169.42293162086622,173.21249423568068,176.76469767153768,180.08866440357602
21.677701866778648,18.446153136169727,15.99045865506028,14.299730272451853,13.342631031389175,13.069110902768472,13.413009955995193,14.295415581464113,15.6286147364508,17.320444249313937,19.27881475258502,21.416169007994355,23.653634650195045,25.924645222315988,28.17783133685262,30.379024419388315,32.51226642036539,34.57977698232139,36.600891138311454,38.610041694185995,40.65391699244647,42.78797301788285,45.072515576020194,47.56859113082865,50.333932368299344,53.41919627036472,56.864709156010406,60.69789653492481,64.93152839453435,69.5628560846515,74.57365909990204,79.93116278328046,85.58973513779512,91.49322598554812,97.57777744008831,103.77491300692165,110.01470458381107,116.22882218464066,122.35328937870322,128.33079639419338,134.11246006283483,139.65896230017057,144.9410434140565,149.93937002199027,154.64383680211066,159.0523942226237,163.1695189270083,167.0044584398638,170.5693869055399,173.87760401036314,176.9418960636885
22.030975257630587,18.504359436664288,15.748383396984707,13.758929205804066,12.511419140397606,11.962285392135328,12.051311987407047,12.704749169544016,13.839054422738315,15.365075129749641,17.192458341478357,19.23405557445625,21.410086505482866,23.651835603641146,25.904679891442726,28.130282955105514,30.307837921042037,32.4342974879367,34.52358876342011,36.604870756322725,38.71994898809727,40.92001107538273,43.26188603543156,45.80405592178181,48.602659555799164,51.707723947817044,55.15983993655419,58.98746608475834,63.205001339644014,67.81171552066036,72.79157095243326,78.11391236633985,83.73494933434728,89.59990942945677,95.6457039027207,101.80392303496134,108.0039666635518,114.17611694930943,120.2543745391855,126.17890435097571,131.897971003245,137.36928368322236,142.5607129434897,147.4503844683403,152.02619434958945,156.28482434734096,160.23036202004153,163.87264817772575,167.22548224944137,170.30481496840451,173.12704802940593
21.99022421561257,18.14349224562676,15.059176726169852,12.740022060739335,11.16842276060666,10.307629055073988,10.10382389885288,10.488985032215226,11.384399571661334,12.704658487057316,14.361927074077443,16.270267507046555,18.349782447324003,20.530355366884564,22.754783699648385,24.98113419171152,27.184194022519648,29.355943754657034,31.505035662100198,33.655319802395596,35.84351651289754,38.11618412895143,40.526171342117394,43.12877208241987,45.97781529187772,49.12192160485924,52.60114393492012,56.44418047827301,60.6663087856401,65.2681411951668,70.23524846281069,75.53864356418207,81.13606507333563,86.97395269264076,92.98996935413814,99.11589707996774,105.28071887350617,111.41369680387604,117.44726671066317,123.31959132042357,128.97664403287482,134.37373267327087,139.47641324823604,144.26078522354806,148.7131992079777,152.8294426485103,156.6134971673882,160.0759810545206,163.2324013919603,166.10134223113107,168.70270871049277
21.585283752555895,17.397036568824433,13.959935600807626,11.283623238566548,9.357625115178905,8.15229566710235,7.620628540154314,7.700858578596865,8.319736154564339,9.396313875836569,10.8460530672142,12.585035254618504,14.534053988824382,16.622365764238822,18.79089568867313,20.99472320580091,23.204713937801714,25.408213179698876,27.60877167271606,29.824931504960233,32.088155631248526,34.440034933878394,36.92894865404722,39.60638467134804,42.52314352666971,45.725653216716864,49.25261056888911,53.1321403548161,57.37962706059024,61.99632900978166,66.96883352406222,72.26935852423469,77.85685402276052,83.67880974665505,89.67363564024689,95.77345258234222,101.9071128807642,108.00326468192256,113.99328116952172,119.81389330510078,125.409392131918,130.73330101394964,135.74945691854018,140.43248013464697,144.7676508536679,148.7502462916624,152.38442138680253,155.6817379939784,158.6594609847367,161.33874444963968,163.74282763274817
20.86885864389022,16.322633226584173,12.513266121343577,9.457270803789783,7.151399505058862,5.573334815281129,4.683233864232307,4.426064465638916,4.734627141478796,5.533115967593261,6.741037493920771,8.277283023071021,10.064137160562666,12.0310059516367,14.117661443008927,16.27682562720335,18.475954046936266,20.698125666646902,22.94199810707245,25.220842665860502,27.560728147675192,29.997972846154127,32.5760267648684,35.341978545064734,38.34290149862801,41.62225939554418,45.21658494231846,49.15262288445716,53.445096956453725,58.09521784870728,63.090000930577474,68.40241101097854,73.9923004085602,79.80805940488096,85.78885776124557,91.86732483127503,97.97249560622792,104.03284168555652,109.9792097046182,115.74750439731524,121.28097770728692,126.53201708315903,131.46336279590625,136.04872307529072,140.27279436389932,144.13072950354885,147.6271270405819,150.77463839869912,153.59230533720475,156.1037474311141,158.335318419805
19.913633849298094,14.999066169541294,10.804145956035967,7.352162908624251,4.647119448046482,2.6741764338785003,1.4009336286538598,0.7794964176228234,0.7492356384573498,1.2401064839932303,2.1763580631853188,3.4804397814227173,5.076896173861229,6.8960394803135046,8.877199596850232,10.97137374600075,13.143132097404163,15.371678678821667,17.65101661127929,19.98921985258424,22.40686682991523,24.934741129734036,27.610947540778852,30.477625398084356,33.577463179799324,36.95022728825299,40.629513423910396,44.639911384144085,48.99474482703749,53.694508657470905,58.72608096455524,64.0627370318972,69.66494319805089,75.48186155203148,81.45345559673041,87.51305459198652,93.59021212670021,99.61368362175423,105.51434817019219,111.22791181204519,116.69725072717897,121.87428201025924,126.72128433575533,131.2116283410968,135.32991431873057,139.07155031441653,142.441834794852,145.45463292841495,148.13075302045465,150.4961391443067,152.57999749227935
18.808475583497014,13.52226794677523,8.935730240195767,5.078761370903038,1.9625586417293164,-0.4201724552783901,-2.0941968093532637,-3.0999536020950416,-3.4910660851254534,-3.3312782277260737,-2.6909739537998973,-1.6434612142907667,-0.261219495645463,1.3876858287717937,3.242826287695209,5.254093657324432,7.383697781993845,9.607372616409862,11.914730972671464,14.308759170729445,16.80449424133792,19.426975180298555,22.208602815150556,25.186077308294188,28.39710595113607,31.877085208879322,35.655959309322654,39.75544327505588,44.186772289230134,48.94910355213665,54.028653857699396,59.39860896968399,65.01979270653949,70.84203764296805,76.80615846402962,82.84639578105379,88.89317455153571,94.87600832786872,100.72637880267698,106.38042915496322,111.78132843748689,116.88119098659752,121.64246741382365,126.03875971220567,130.05504983506376,133.687366327833,136.94194502448929,139.83396565828633,142.38596518861493,144.62603997174992,146.58595243145362
17.65395094416496,12.000584696076487,7.024356014363491,2.761531313247417,-0.7696364509433522,-3.568922170403738,-5.653359332222863,-7.055713263749851,-7.822265194075101,-8.010015198187943,-7.683446804191561,-6.9110233256822085,-5.761603831436673,-4.300973636933321,-2.5886795322176113,-0.6753436426294286,1.3993973661598034,3.6082175440874096,5.936624826723772,8.382663624340296,10.95582772427747,13.67526192869417,16.567373416989284,19.663008644509546,22.994376403815863,26.59191089804399,30.481269522034808,34.68064857603461,39.19857725349611,44.032317617916334,49.16695822866858,54.57524437041829,60.21814152791529,66.04608390773811,72.00081934213813,78.01772833702736,84.02847031387049,89.96379554376405,95.7563574364373,101.34336653376417,106.6689438623084,111.68605571166113,116.35794242553136,120.65898812338273,124.5750139681158,128.1030122678898,131.25037016948622,134.03365813448224,136.47707842338195,138.6106815974503,140.4684642909265
16.557422684026363,10.54957363293886,5.194034874952251,0.5331234307057002,-3.4080778620538865,-6.621945540155195,-9.117789440242007,-10.920591408826368,-12.069065402054548,-12.6131343104947,-12.610953232517545,-12.12563662129844,-11.221865747980559,-9.962561764381462,-8.405807451405195,-6.602187358028175,-4.592692074720333,-2.407299179626335,-0.06430293580510238,2.4295803762149433,5.078351652341524,7.895178701079544,10.900264204457187,14.118274338609979,17.575496056484837,21.296905775801974,25.30333522552077,29.608911387547067,34.21892753874262,39.12827281271365,44.320510565943266,49.76765372911059,55.430641128088496,61.26047542119919,67.19994364329358,73.18580786631503,79.15132817765895,85.02896441843646,90.75309758940111,96.26261648170296,101.5032291859871,106.42938133933318,111.00569145469228,115.20784628160845,119.0229335429153,122.44922325972983,125.49544007089546,128.17959562810984,130.52747089446456,132.5708520571614,134.34563038954633
15.627987366549888,9.28661940850705,3.5707387035529905,-1.4716775128866573,-5.809028797477197,-9.426512629060397,-12.325830462416207,-14.524185454729633,-16.052617332810684,-16.95375731655838,-17.27911977722664,-17.086075112014612,-16.434668183915278,-15.384457089430981,-13.991547038367827,-12.305983492307803,-10.369647854697405,-8.214769081822567,-5.863127375477973,-3.3259839386387284,-0.6047263144134547,2.307825035334446,5.425543652812706,8.766686528725899,12.351301001669725,16.19851991382575,20.323920656005512,24.737117298290514,29.43973783461236,34.423911939724476,39.671360441233645,45.15313833574663,50.830041322008185,56.6536442983753,62.567901798874416,68.51120736568957,74.41878337674046,80.22525629035685,85.86726540672794,91.28595616395576,96.42922109979511,101.25357174366391,105.72555118319195,109.82262786308087,113.53354410932971,116.85812569876231,119.80658941458367,122.39841210822264,124.66084589117554,126.62717871232823,128.33484725563127
14.971520123234711,8.325651209051642,2.2767794057451454,-3.121917701819882,-7.832718033135933,-11.833955928913895,-15.119947361827343,-17.700237714248715,-19.59820709946291,-20.849104134550885,-21.49761193979785,-21.595077747765913,-21.19655792073931,-20.357841872606684,-19.13262037583266,-17.569955635145817,-15.712192625864702,-13.593424494460919,-11.238590889890247,-8.66324904566008,-5.874015755167903,-2.8696367819658803,0.3573985525834189,3.818813301125118,7.528210917103564,11.498613578612321,15.7400353324754,20.257250248648063,25.047901176126075,30.10107090996526,35.396406317249756,40.90384941899808,46.58399009832499,52.38901566193647,58.264195525872495,64.14980720316868,69.98338451321763,75.70215196649187,81.24550143942452,86.557368738296,91.58837800576791,96.29764011994719,100.65411575668116,104.63748275625063,108.23847877515574,111.45872177650972,114.31004068461954,116.81337470196638,118.9973209104295,120.89642482824576,122.54931701778642
