3.989454988584384e-09,0.010579097987810204,0.039832735396972296,0.08358316905693375,0.13722354694324768,0.19594898591701426,0.25500458776312085,0.3099449810259456,0.356890455142862,0.39275616357924914,0.4154272887324426,0.4238567991595388,0.41807300473821885,0.39909834733497185,0.36879413777868875,0.3296541372169002,0.28457111109725464,0.23659595128378585,0.18870235607171004,0.1435657957988261,0.10336649240659135,0.0696321562146025,0.04314355751650911,0.0239289045411768,0.011366206423054415,0.004394319028336646,0.001806126901986005,0.0025689291023902605,0.0060976449546181755,0.012404913177731292,0.022072839045100157,0.036031504487674226,0.0551800699584577,0.07993370839081848,0.1098097874663928,0.14316975926004005,0.17720640976785917,0.20821489832575724,0.2321224921700753,0.24519148962793436,0.24476704956282758,0.22992638912969676,0.20190104736414316,0.16418538996124266,0.12230233425936765,0.08325861722056604,0.05477433908249152,0.04440555052775963,0.0586895716311191,0.10243087801494699
0.010579018712967958,0.004000843603788162,0.0157768675259935,0.042487456100522625,0.08020732447236822,0.12469089343927209,0.17159672698587114,0.21674638151937664,0.25639862322628826,0.28750763592526196,0.3079285811506218,0.316538441830728,0.3132537753296174,0.29894578933897487,0.2752711531204679,0.24444870314335398,0.20901479814436552,0.17158430412312864,0.13463406612669004,0.10031666150902696,0.07030852369477891,0.04569928778812349,0.026935690750141017,0.013838053698646213,0.005704525617284961,0.0015047556977729748,0.00014201523775581038,0.0007373741486005336,0.0028706666379911816,0.006709573798348689,0.012975156471388694,0.022728154968184366,0.037007247117286646,0.05639557138008344,0.08062174307729908,0.10830631359053688,0.13694079985186214,0.16313856126479376,0.18313612485550568,0.1934648212772494,0.19167007354723964,0.17693942899581394,0.1505138729516271,0.11579642667667667,0.0781280841581995,0.044261288675585764,0.02161298057124128,0.01741320790003842,0.03787644639422494,0.08751128625614157
0.03983249382432108,0.015776652892648624,0.009816740676469315,0.019303119891855847,0.04098797964155887,0.07116803466066335,0.10588944170657788,0.14121006861074115,0.1734952539175203,0.19970749200998084,0.2176439233994305,0.2260811795164308,0.22480403438889063,0.21451757796460802,0.1966651684848042,0.17318953747385013,0.14627825948370132,0.11812774897359368,0.09074633037283775,0.06580308850156813,0.04452076719330478,0.02761041447250623,0.015251028073868689,0.007123978851260038,0.0025132980168574015,0.00047478477585416456,5.938017034834431e-05,0.0005543012497253308,0.0016873904254146588,0.0037347084429453226,0.007484121021407386,0.014038275145686896,0.024482318180177653,0.0394836323435559,0.05892006995546062,0.08163971550655047,0.10543507551196374,0.12727122474756758,0.1437508225472106,0.15174286965562178,0.14906041317792074,0.1350552456905083,0.11100891671054436,0.0802361143703254,0.04786994644552767,0.020356842165849987,0.0047394958847277735,0.007839866361551984,0.03546558353245821,0.09175211820639806
0.08358282545689244,0.04248703137613585,0.019302845530944523,0.012121783051678214,0.01833465566931558,0.034737300237984936,0.057721286983646536,0.08354354611156722,0.10864573814925471,0.12997571876391278,0.14525609678473694,0.15315190190068728,0.15330942824917138,0.1462657337926987,0.13325491298567105,0.11595534150530717,0.09622695016827576,0.07587927390783733,0.056494120237074785,0.03930837326907932,0.025149513458194495,0.014412633570263012,0.007072323537855141,0.0027310489972722785,0.0007110630576097066,0.00019423369502025167,0.0004020362333445604,0.0007897858505083732,0.0012122107759053868,0.0020100199024106757,0.003975231542600266,0.008177717831844511,0.015671690234556834,0.02713888455004909,0.04255332079984253,0.06096093225668353,0.08045144614069155,0.09836184640743495,0.11169913830581191,0.11771758096442841,0.11454520320292838,0.10173637633055499,0.08063596001631268,0.05447395142397271,0.02815979019781878,0.007801140481240143,2.117507860788237e-05,0.011181481377318114,0.04662929585522191,0.11007745493978582
0.1372233227270554,0.08020685877080602,0.040987530399573036,0.018334401736209482,0.010210558145364423,0.013849382790144471,0.02593685342687957,0.04289165894483471,0.06120844243731316,0.07780899148319165,0.09033860642731328,0.09735343637486471,0.09836754880287835,0.09375951748491129,0.08456836709286364,0.07222917914070281,0.05830424850712168,0.044256178223596176,0.031289494132358264,0.020265070925788553,0.011674702210852761,0.005656376273315722,0.0020344325773051786,0.0003785222699508317,8.450916684132892e-05,0.0004830363492578371,0.0009746849298921667,0.0011763950686654034,0.0010481384397973414,0.0009595313655035298,0.0016595587027774528,0.004131044580021559,0.009341646662530678,0.01793682146315012,0.029946902787141738,0.04459069559823181,0.060246585485912885,0.07462998952405764,0.08517002408548979,0.08952976232909426,0.08617572102403237,0.07488327391912941,0.057070585097337645,0.03588325013182869,0.01599829096712968,0.0031689012594582344,0.0035788600801800463,0.023108159340161194,0.06662342093938989,0.13739730317033594
0.19594924726695817,0.12469071124596187,0.07116766831548649,0.03473696516505598,0.013849207173368239,0.006103939095634114,0.008428971429335519,0.017372760875440818,0.029469773547011524,0.04161710266466656,0.05139333475135199,0.057260857826664235,0.058618330846632816,0.055703927413465415,0.049382589074084215,0.040872682725749065,0.03147344833673804,0.022344073713028045,0.01436305610785249,0.008070982869819776,0.003679539324059622,0.0011201826536835213,0.00010854010179439655,0.00021147519503328382,0.0009162392910067041,0.0017084575928878465,0.0021639452337960385,0.002049009307686589,0.0014097427920822803,0.0006199975881280295,0.00035683572996259016,0.001484573409679335,0.004852397891848881,0.011039562064362851,0.020107150179075273,0.0314273671947598,0.04365448936122318,0.05487560155207838,0.06293934856178529,0.06591682864680282,0.06261182563681889,0.05301767626949383,0.03862084220871553,0.022476627968433416,0.009024787055025296,0.0036623356600964385,0.012136687473173868,0.03985455360045265,0.09121484462577456,0.16906573990607043
0.2550057932872023,0.17159726239341877,0.10588953758745445,0.05772117017552869,0.0259367040631866,0.008428891361337953,0.0023193325348618288,0.004263122516689144,0.010832578845652474,0.01891312668200351,0.026037914108393956,0.030599538020735118,0.03190481193327166,0.030074414536058303,0.025823511646154262,0.020182571940805527,0.014223707136396424,0.008846499586976364,0.004653392864808037,0.001916818024458422,0.0006173118163883551,0.0005203452829900534,0.0012611663082000568,0.00241850869936977,0.0035730314085302695,0.004357711185433377,0.0045102307126896335,0.0039308817053855805,0.0027371446664239407,0.0012942538661584457,0.00019630676283899362,0.00017899330317749929,0.0019627100036467837,0.006049066004166992,0.012516806998225327,0.020876591157586333,0.03004170433481068,0.03845200284347605,0.04435470178807499,0.04620612827173076,0.043123529688702256,0.03529510340625386,0.02425582655691061,0.012957479829123653,0.005599091035218606,0.007230256501115306,0.023183911665064727,0.058427423731674644,0.11693485783391333,0.20117696322088952
0.3099475998978809,0.21674810146854195,0.14121105937552558,0.08354401698664748,0.04289181883640891,0.017372781644354518,0.004263113648784511,0.0003118221504423424,0.002137258359542926,0.006634821297717863,0.011319921781705045,0.0145435226316466,0.015546491549483843,0.014355991694851244,0.011562078921007135,0.008036099386448559,0.004658511002982646,0.002111898744500351,0.0007701118528418149,0.0006851076240743659,0.0016483882878541856,0.003290636557129023,0.005183613747510751,0.006920027081190661,0.008163770013663196,0.008677476021976549,0.008341135040513148,0.007172667121042142,0.005351077148590289,0.003230530968968637,0.0013257739926912926,0.00025058504181085794,0.0006027430967248115,0.002808404173916035,0.006959566210391177,0.012692810264218313,0.019159347077903455,0.02512268430841047,0.029192810838252647,0.03017099554596303,0.027446239331111677,0.021362420702035756,0.01347103418311546,0.006600393475401756,0.00470526082391709,0.012503610643443519,0.034949745532738774,0.07662556985438229,0.14114748235570973,0.2306823616368483
0.3568948699561836,0.25640193324976623,0.17349753809362944,0.10864715915317724,0.06120921242488686,0.029470114423368887,0.010832685512394136,0.002137272614286978,6.412781229148123e-05,0.0015448549937762124,0.0041064818814908755,0.006085950612191304,0.0066823434912195445,0.005851285886388613,0.0040807374744837865,0.0021105640478977783,0.0006641732772045827,0.00024860383915648043,0.001054478339678866,0.002957388442476283,0.005596575019596539,0.008492105077632761,0.011160913885864598,0.013203174942324925,0.014347926100168884,0.014463687197685093,0.013549984537398085,0.011726355812271994,0.00922755525832164,0.006401647591218307,0.0036973931957935413,0.0016240306348840328,0.0006728140849978637,0.0012042690322213723,0.003323387178990611,0.006780168101824469,0.010938545622730889,0.014848858681574928,0.017437789621686406,0.017799649022113062,0.015541872912933297,0.011114516546862241,0.006045692442412154,0.003015781624229774,0.005731331321364053,0.018598659233757253,0.04623814809794746,0.0929133939474629,0.16196721988653273,0.2553555038073334
0.39276257739857323,0.2875127873820231,0.19971134515895006,0.12997836408821284,0.07781061978880066,0.041617964403239505,0.018913485324346446,0.006634910608668498,0.0015448488520282133,0.0006379136461975854,0.0014795238358149554,0.002415845880446632,0.002623622589822183,0.002004992948952733,0.0009662805734871327,0.00014231522665619778,0.00013372238449749219,0.001313238405665551,0.0037328358822694696,0.007133992147493995,0.011037395755681967,0.014872600901607136,0.018105768277233647,0.02033349270163587,0.021328029619477107,0.021037421606760365,0.01955698401389938,0.01709264924850551,0.013931586111119998,0.010424443759079693,0.006971759584742276,0.003999928326005264,0.0019132599173650178,0.0010184735051881333,0.001433409660541951,0.003007128799389136,0.005287512003308237,0.007570113555520397,0.009046839668580553,0.009047785029412392,0.00734069762951961,0.004428428756499958,0.0017731142167720648,0.001881414756071731,0.008207963587970823,0.02486944770586863,0.056201166329676866,0.10622193279896619,0.17809370973590477,0.27366484365436783
0.4154356569331239,0.30793560031854295,0.21764942744183147,0.14526008489305386,0.09034122712557346,0.051394846369677616,0.02603863018559638,0.011320153211831219,0.0041064880697283535,0.0014794824785364646,0.0010642550696142727,0.0012328164852877244,0.0011528575575461275,0.0006865283829293745,0.0001764753869921698,0.00017826948032739764,0.0012045127982625026,0.0035357034610785654,0.0071302000473560945,0.011637352146735669,0.01649202262322813,0.02105194397901089,0.02473512027724878,0.027122428061848947,0.02800685910373657,0.02738960949951208,0.02543843127530243,0.022430990114690186,0.01870401321594528,0.014619596640419452,0.010547522780133711,0.006852160387699424,0.0038689446167015085,0.0018605089385124174,0.0009548571415782803,0.0010830570233726355,0.0019456951845491233,0.003040107267305192,0.0037711313451014306,0.0036477326688237888,0.0025412818424750405,0.0009562424886460086,0.00024863962291377106,0.0027278171958573516,0.011594311664886003,0.030697901943583794,0.06413769244406842,0.11576110796296168,0.1886422732219959,0.28462682819604535
0.4238668029186696,0.31654709777790835,0.22608818674017028,0.15315715755465176,0.09735703126117778,0.057263039945484095,0.030600652178307985,0.014543939561986186,0.006086001207180836,0.0024157743109638474,0.0012327606145223768,0.000944329388739451,0.0007163447513232057,0.0003803784313802794,0.00023146008666863338,0.0007715621439370324,0.0024609281586696063,0.005531029666072662,0.009892507122456262,0.015144994707039228,0.020670445963592243,0.02577378904194605,0.029828278763325944,0.0323882893064833,0.0332467973217212,0.032433454443873355,0.030166180143134103,0.026779752297614312,0.022656350574111972,0.01817585333808802,0.013691194843645338,0.009521332178802133,0.005946499923490389,0.0031908284132953213,0.0013863444816433201,0.0005267067870260433,0.00043307975683148925,0.000762061657440416,0.0010820265736799506,0.0010287034057623323,0.0005267063974643271,3.79798401772824e-05,0.0007790595164820502,0.004843698877710523,0.015179049895316599,0.035390559702572766,0.06938677838814789,0.12091132891671519,0.19303620910857688,0.2877017164821396
0.41808407501437506,0.3132635957436789,0.2248121754496908,0.15331568329625656,0.09837194174776132,0.05862108443218439,0.03190628391274508,0.015547093458917693,0.006682460463437678,0.0026235517324648683,0.0011527768979511244,0.0007163161238112892,0.00048063018144794967,0.00025313366818124905,0.00029603741255668226,0.0010832901427604291,0.003058818583418166,0.006448551249244705,0.011161262605784206,0.016789110720013767,0.02269420388834975,0.028148621489388237,0.03248624302244085,0.03522699823475284,0.03614626728285675,0.035280164623534116,0.03287595267464427,0.029310529650852235,0.025005079333532798,0.020359551650523056,0.01571878128087212,0.011367400380623671,0.007538943901261419,0.004420398715704099,0.002138847245610531,0.000730025245065935,0.00010445583400819913,3.8621889009604615e-05,0.00022052431149033325,0.0003682583213597823,0.00041874075120063026,0.0007574889508465965,0.0024378335722303746,0.007327195110294671,0.01812395914223064,0.03821102054333947,0.07134614704125619,0.12122629950862596,0.19099335655519933,0.2827646067477394
0.39910973756560475,0.29895612318080955,0.21452631344243667,0.14627256707352254,0.093764402565923,0.055707050326812446,0.03007612854620234,0.014356728889353132,0.005851465819993962,0.0020049489608031656,0.0006864667010457737,0.000380375682406342,0.0002531676764152557,9.269991258653576e-05,0.00014211030991706508,0.0008719940025612161,0.0027447046495083782,0.0060222159041147805,0.010655038189197885,0.016268100860763912,0.022235745572468435,0.02781775640625339,0.032316337557847685,0.03521268469742456,0.03625110864226677,0.03545566618028406,0.03308398599905704,0.029539725857400168,0.025274000614281977,0.020704733549972598,0.0161721060274731,0.011932244200090647,0.008176071291003506,0.00505179496696373,0.0026713145556280793,0.0010925304018680748,0.00028668959676370065,0.00011548443522535479,0.00034956811263953114,0.0007541124668675181,0.0012482503695978586,0.0021188256395814342,0.004243248932257249,0.009260383420352625,0.019628657211414602,0.038528613197928774,0.06959901321074158,0.11653328544208197,0.1825966472247984,0.27014495457250876
0.3688050328182677,0.2752812685745982,0.19667387371252287,0.13326182062950798,0.08457336365132173,0.04938581579133894,0.025825301111088272,0.011562862983189426,0.004080948581011601,0.0009662694137126948,0.000176462386492382,0.0002315282438498656,0.0002961621589414598,0.0001422120716680908,5.97740942742675e-06,0.0003767861613721557,0.00176624107432799,0.004508943598372728,0.008635416506094007,0.013839034966490527,0.019535682366511153,0.0249931080258734,0.02949177386089019,0.03247397654379425,0.03364434712172626,0.033000622731259366,0.030794337673746508,0.027440704637833768,0.02340953992298589,0.019130815095082188,0.01493900449218133,0.011063412827738706,0.007653483889300983,0.004815689616084917,0.002636951684424904,0.0011795859386314334,0.0004507671909315114,0.00036829612278888035,0.0007559446409031167,0.0014000090089001382,0.0021826723501692236,0.003281502850009055,0.005396181915142684,0.009943044641109289,0.01915296192971816,0.036021619244217984,0.0640907487747131,0.10707683508660626,0.168400184792604,0.25069250289717626
0.32966377784196643,0.24445790144710555,0.17319760291565078,0.115961821994222,0.07223390062234802,0.04087573691336699,0.020184256447332682,0.008036825574095019,0.002110755309246315,0.00014231988733603984,0.00017830744454183645,0.0007717141425467311,0.001083526017080061,0.0008722256692839103,0.00037692509817288666,0.000122980411748852,0.0006951230110687767,0.0025287923765802134,0.005764254204436714,0.010191763621083094,0.015293414458630306,0.02036387941628659,0.02467379993443819,0.02763086314468932,0.028896958751162938,0.028434361300230027,0.026475487544912024,0.023433001286022215,0.0197830206727585,0.01595888532934353,0.012284998759808818,0.0089627004211148,0.006099505641942837,0.003757227406222974,0.0019896812482156356,0.0008489908763062992,0.0003579463100500391,0.0004671921982040139,0.0010314004491371875,0.0018408955983435504,0.0027318872004569172,0.0037726998354385977,0.005493198550686529,0.00910015974359002,0.01661147415847264,0.030851267078088274,0.055274881236080375,0.09363037998784485,0.14950176678617355,0.22580834224922208
0.2845789097332796,0.20902252044997605,0.14628518578546412,0.09623258563596515,0.058308369181470976,0.031476095209882704,0.014225131481885533,0.004659085560012155,0.0006642917871313436,0.00013371194884470583,0.0012045788066070706,0.0024611413832476003,0.0030591414833205377,0.0027450428620672263,0.0017664999761310973,0.0006952499644081733,0.00020342676278195526,0.0008443514294489418,0.002886652118042843,0.006236583448573363,0.010461023534952485,0.014898391322974991,0.01882312773025374,0.021617194247540272,0.02290269577854387,0.022603146075239167,0.020923192063600826,0.018261043434344426,0.015086756400561452,0.01182684003307477,0.008789131285111829,0.006144068042401418,0.003956041871817195,0.002239927652211815,0.0010103656848268194,0.0002980162219841098,0.0001254602595675003,0.0004585531195355763,0.0011674974856243914,0.002037616312424717,0.0028590998291959657,0.003600154815053269,0.004636618028843298,0.006983611614582497,0.012460848300643868,0.023728334277688834,0.04415318275101088,0.07750502196935116,0.12751728752395364,0.19738405845859042
0.23660157634183543,0.17159021036494737,0.118133217633134,0.07588379084011354,0.04425948326343887,0.02234615994150957,0.008847564853284418,0.0021122630396854802,0.00024861406440779277,0.0013131842894757995,0.0035357640179851657,0.005531259826659696,0.006448906074472127,0.006022598968003834,0.0045092601455132275,0.002528988598115678,0.0008444281990653835,0.0001311778499251126,0.0007924797479796908,0.0028594075451930934,0.005995356153139841,0.009596604806471287,0.01295626632666158,0.01544374915591007,0.016650252269148513,0.016463282852593242,0.015056010872090742,0.012803410484507616,0.010158310320167008,0.007529879606869461,0.005201798327972629,0.003309567308824146,0.0018727838782792716,0.0008576322113333923,0.00023518087883944716,6.181662308701874e-06,0.00018114187916395963,0.0007285911928516242,0.001525115607703853,0.002349197824161209,0.002952668648153356,0.0032201002957417124,0.003394840491481421,0.004320921468858874,0.007632841356481457,0.015826630519614415,0.03216639234874297,0.06041550682737462,0.10442164946858234,0.1676192434383661
0.18870576894172464,0.13463807134554306,0.09075023713467445,0.05649741839895439,0.03129190348579636,0.014364529043155994,0.004654072260989128,0.0007702566434297786,0.0010543767589648034,0.003732728557886311,0.007130231051162728,0.009892711923004782,0.011161590388714782,0.010655395894517028,0.008635716472995103,0.005764448259113042,0.0028867417835165554,0.0007925023567247891,1.3858720096404653e-05,0.000705526078810248,0.0026323188072860937,0.005259370994540102,0.007913769646795021,0.009968764391486307,0.010998419212403743,0.010862351486560229,0.009703362179412256,0.007868016075858186,0.005782908177926149,0.0038302034215420555,0.0022617529237778378,0.0011735788822231363,0.0005383782946242199,0.0002719443900494056,0.0002982375124314096,0.000581554873989365,0.0011115537181805024,0.001851227993448834,0.0026798535044902927,0.0033734692632623187,0.0036595807029908833,0.00336118297677368,0.0026143034104348928,0.002112966471458755,0.0033158858916491063,0.008547218608560225,0.02094094768433541,0.04421073344195614,0.08226592946821354,0.13872982392194766
0.14356723446735753,0.1003189244876257,0.06580553530545252,0.03931051958436127,0.020266634351020052,0.00807188670400416,0.0019171548449024023,0.0006850739886297141,0.0029572088084939274,0.007133851910656741,0.011637355849643871,0.01514515700995478,0.01678937729402019,0.016268387353163494,0.013839267608502848,0.01019190640799339,0.006236643504021977,0.0028594196828835017,0.0007055260347308412,4.3625791324330976e-05,0.0007386499252830525,0.002332053150599922,0.004199260676226224,0.005734977060738,0.00651264978632371,0.0063757166440958635,0.005441530766628233,0.004026599873913295,0.0025251587047487867,0.001284732432965452,0.0005188056261316021,0.0002797363668647357,0.0004910641253985659,0.0010162314077439838,0.0017286566431944372,0.002550558544660131,0.0034440477624788635,0.004361726769547047,0.005186316472148622,0.005700852504981313,0.005627411719060671,0.004753209391189728,0.0031337910566033855,0.001333088178236519,0.0006390356650762818,0.003188382453720884,0.011947578528771707,0.030525120420870078,0.06282713789181082,0.11260301049641264
0.10336640650662865,0.07030939273516124,0.04452201749872087,0.025150705515093463,0.0116755697370583,0.0036799916601233384,0.000617401757745828,0.0016482557590813407,0.005596382628343832,0.011037273448029516,0.016492034862788163,0.020670587135357632,0.022694418425154073,0.022235961679728522,0.01953584480180881,0.015293503785409612,0.010461055819333431,0.005995365641554784,0.0026323332908542163,0.0007386713283228374,0.0002729232061784437,0.0008563009238735653,0.0019241187013658845,0.002908562000256243,0.0033986344216576647,0.0032341977230725405,0.002514117214439615,0.0015261263811159331,0.0006293648893445081,0.0001323921505291814,0.0002064911648935741,0.0008579179043728402,0.0019595373862282273,0.003320490753797145,0.004760025581955318,0.006152868438815684,0.007427991142521684,0.008524939437906998,0.009333719801148277,0.009657236865322716,0.009234043953992632,0.007843161467270043,0.005486438446221431,0.002615439843821843,0.00034810036446142334,0.00061241428903136,0.006163189161013438,0.020441528887245486,0.04727930649148204,0.09048431355516806
0.06963110770847125,0.04569921674776989,0.027610823904676618,0.014413143434308218,0.005656753380094859,0.0011203392220773267,0.0005203090881562566,0.0032905024312266384,0.008491981826054928,0.014872568037516132,0.021052028771685993,0.025773967330085856,0.028148837791531545,0.027817952770603505,0.024993248980182958,0.020363963086990733,0.014898443266882389,0.009596658783940004,0.005259446658380185,0.0023321419426864942,0.0008563676410369148,0.0005319748423446846,0.0008608349457506215,0.0013239196260390607,0.0015381115142436563,0.0013500505923755846,0.0008469234658856628,0.00029098328226329073,7.275933930017686e-06,0.000265699410042064,0.001196046608722412,0.002759668620385458,0.0047795261818728285,0.007009495945736521,0.009211167011959898,0.011206294136592465,0.012885398437811002,0.014173180777002692,0.014972107749243513,0.015119157855120857,0.014392014639939443,0.012588788287187569,0.009682913409969629,0.0060288439927633775,0.0025724143013801104,0.0010089349502773182,0.0038357942805271605,0.014264053106095353,0.0359810544804815,0.07278682143050874
0.04314210737776403,0.026935143467717193,0.015250966213562478,0.007072435426256352,0.002034531496097891,0.00010855703160572716,0.0012611203131660531,0.005183569462404947,0.011160938460419878,0.018105899497850242,0.024735353424107487,0.02982857326912791,0.03248654329481937,0.032316597767510835,0.02949197580664409,0.02467395662931038,0.01882327181838095,0.012956429272297676,0.007913961942749737,0.0041994630815529455,0.0019242895565576568,0.0008609308532832038,0.0005778640913245425,0.0006087009082764716,0.0006035512544748656,0.0004210605620840191,0.00014129902088955149,5.3477653749745e-06,0.00030905414933757314,0.001289720261049343,0.0030426718633989047,0.0054911911239408084,0.008413268939079455,0.01150901061341747,0.014479873039785485,0.01708926102574848,0.019183627090705535,0.020670584719411966,0.021469582351593797,0.02146477539335434,0.020493854119445043,0.018398882398259264,0.015147522742535724,0.011010297316649709,0.006758260510600245,0.00383180121858695,0.004429374464941294,0.011475814153447672,0.028451283759453272,0.05908910282172153
0.0239275078985699,0.013837416112722156,0.007123758294661275,0.0027310039686119225,0.0003785199705155229,0.0002114773082393384,0.002418540200644692,0.006920137562782536,0.01320340349353355,0.020333845758624847,0.02712287511903444,0.03238877527862982,0.035227465591891605,0.03521309531960837,0.032474323864573496,0.02763116950964184,0.021617494935445958,0.015444070586158265,0.009969107005590505,0.0057353116471823284,0.002908842183304561,0.0013241052355073002,0.0006087805829957382,0.00034394865512421546,0.0002093792204598266,7.392245089210547e-05,1.1343491699733477e-05,0.00024600879992675573,0.0010532289318825327,0.0026501112546597483,0.005111984778305878,0.00833802878351042,0.012071971458996522,0.015965572961286423,0.019659798969551723,0.02285493036970454,0.025347161512195626,0.027023214762380565,0.02782151583613368,0.02768301816151686,0.0265220785554221,0.024245243798817206,0.02083363782019232,0.016485843195282346,0.011797688003546636,0.007938734172704631,0.00677723658687901,0.010908585039757224,0.023556722305534183,0.04834100531554553
0.011365136797174547,0.005704042623325467,0.0025131242066485093,0.0007110210030054631,8.4519668212657e-05,0.0009163001456009567,0.0035731834720609257,0.008164060300817066,0.014348378108284265,0.021328628547147233,0.028007554714145844,0.033247521309874184,0.03614695711338145,0.03625172776177532,0.03364489317863173,0.02889745655340281,0.022903178347601028,0.016650738825141786,0.01099890075292187,0.0065130899075844795,0.0033989860139818084,0.001538341747828298,0.0006036616617577373,0.00020940789389944925,5.232550841638428e-05,2.2042870106986356e-06,0.0001229803868483259,0.0006262811018302727,0.0017787483572324625,0.003795668019956011,0.0067542361118859695,0.010550947962940427,0.014912434191543422,0.01945239737187876,0.023754017900465385,0.02745097117834927,0.03028258294207964,0.03210875358537679,0.032885069412769585,0.03261363184481292,0.03129603876480713,0.028918122889453723,0.025489943036725915,0.021150059323736148,0.016323586519957356,0.011903831625458938,0.009412849342896212,0.01109142513034378,0.019876096422213774,0.03923924162054293
0.004393637381484794,0.001504505152445823,0.00047473576410617113,0.00019425889485402692,0.00048310132208717604,0.0017085937183756172,0.004357978673731111,0.008677927122716422,0.014464339397096904,0.02103824743382976,0.027390544276970186,0.0324344174743163,0.035281084860999457,0.03545650210940687,0.033001368693348354,0.028435038178351135,0.022603781016327762,0.016463887787206755,0.01086291119832028,0.0063761931218699885,0.0032345497291510483,0.0013502589824958555,0.00042114492045319807,7.393620522977429e-05,2.2042945118094792e-06,6.108169812568676e-05,0.0002972139612569258,0.000912572509895071,0.002179094042063845,0.004333049806246603,0.007481167585139392,0.01154485504499414,0.016256572400529468,0.021207076205207454,0.025928029425598353,0.029985061142484337,0.03305425111401483,0.034960889183242916,0.035671846532078,0.03524876970036894,0.03378415284613512,0.03135161100398198,0.028001932568175292,0.023826520193563017,0.019091262906365092,0.014421047207497484,0.010994083238191177,0.010692225190046756,0.01615310954822613,0.03068374863713652
0.0018057043783308302,0.00014192570952209493,5.94206610253778e-05,0.0004021088232852854,0.0009747833712605569,0.0021641243612355865,0.004510567007187216,0.008341688814563764,0.01355077356961143,0.01955797496673961,0.025439549693432983,0.03016733388348758,0.03287705927488771,0.03308499344020133,0.03079523088927072,0.02647627904448724,0.02092390195877103,0.015056646527066953,0.009703908249901527,0.005441955745614013,0.0025143942609533454,0.0008470547311207888,0.00014132814672018768,1.1343608352643031e-05,0.00012301517529555994,0.000297284032122036,0.0005532846649507484,0.0010852462718382583,0.002184799081593969,0.0041337740185634075,0.007098804871952247,0.011057101808165104,0.015773492226596186,0.02083459560960632,0.02573030109659813,0.029959519551102876,0.03313011682692668,0.03502437305256434,0.03561155265164473,0.03500602218867055,0.033388382899084856,0.03092260400687019,0.027708786329103674,0.023805641753464446,0.019339104674956697,0.014687528215088452,0.010706487629435824,0.008935324753458485,0.011720070351156409,0.022196820858931154
0.0025685245974296222,0.0007372869552590977,0.0005543308007154302,0.0007898384464808395,0.001176470792546791,0.002049171030583441,0.003931214497002955,0.007173238743088728,0.011727188543996458,0.01709370988303638,0.022432199346608783,0.026781008553164565,0.029311737786307024,0.029540819870844892,0.027441656344779464,0.023433812991797254,0.018261729718423325,0.012803979288670053,0.007868459831507746,0.004026902590108961,0.0015262840051417648,0.00029102590836949105,5.347858870852207e-06,0.00024606281895200866,0.0006264630686803052,0.0009128737723789193,0.0010855294722600384,0.0013314333283447333,0.0019747223276822545,0.003365722985535946,0.005759952254388079,0.009220583895411139,0.01357171665189627,0.01841633337945714,0.02321515469690416,0.027405116668653307,0.030523890682024213,0.03230383816189075,0.032706950035558346,0.03189035361500103,0.030115268515583882,0.027633951591120365,0.024601929404562295,0.021061402270717178,0.017024787982963918,0.012658424097813814,0.008533073710952355,0.005879767903727906,0.006775564977945958,0.014189349241462867
0.006097030726868624,0.0028704368335046304,0.0016873217461714773,0.0012121872283223922,0.001048143115059741,0.0014098298730989,0.002737399245789973,0.005351573554481348,0.009228324911937147,0.013932603051613146,0.01870519992434705,0.022657600224627927,0.025006285309703724,0.025275082086325895,0.023410454499178446,0.019783760996577193,0.015087334832850186,0.010158741392666926,0.005783199569704411,0.0025253170162171656,0.0006294139077449579,7.276117741650268e-06,0.00030910736929445903,0.0010534556465047196,0.0017792358708539346,0.0021798308202130023,0.002185624582343948,0.001975326903690622,0.0019148010242138191,0.002440695254089409,0.003920705967649152,0.0065290832654905095,0.010172835320166218,0.014491076721192098,0.01892986057697632,0.022872775882494256,0.025789977472709946,0.027361004534056654,0.02753308585069414,0.026496001202486852,0.02458203135331427,0.022126930534601907,0.019346165182312358,0.016282876949055503,0.012867674081669112,0.009098694331452606,0.005311800261257549,0.002476450770656946,0.0024333874077306916,0.007992593522173852
0.012404034003006714,0.006709199081382344,0.0037345679667222242,0.0020099510825901667,0.0009594800904104694,0.0006199962645743184,0.0012943828949074643,0.0032308742041329275,0.006402253941558911,0.010425305141740449,0.014620647288412947,0.018176988505014258,0.02036065741234383,0.02070571607239513,0.019131618874210332,0.015959495279080915,0.011827269802978435,0.007530154908760078,0.003830351296107093,0.001284783789109234,0.0001323966467281501,0.00026574243667276676,0.0012899262842158699,0.0026506200587026463,0.0037965813832467887,0.004334362662080871,0.004135319452816866,0.003367166609693051,0.0024416059061476147,0.0018915838223514392,0.002211106146956965,0.003701934586430866,0.006371169985896152,0.009910803509233457,0.013767494479277165,0.017284120802996572,0.01987194150976146,0.02116100621208572,0.021081335050288974,0.019848203058146385,0.017856192467573972,0.015519156788279975,0.013116276767251911,0.010709557494345212,0.008182100422767125,0.005412504553970798,0.0025579289334212163,0.0003791223114957276,0.0005171136282440258,0.00563116328594182
0.022071983235691928,0.012974917387466256,0.007484159882316099,0.003975320429054907,0.0016595936550145574,0.0003568228217507574,0.00019632555732229662,0.0013259287529678865,0.003697765556055721,0.006972375723786506,0.010548343345245126,0.01369212830790767,0.015719713629109844,0.016172934540879425,0.014939663019803096,0.012285466524293298,0.008789425137202045,0.005201956033609179,0.0022618189102434627,0.000518828442592767,0.00020653422944061361,0.0011962039756983067,0.0030430737995792434,0.005112778427982523,0.006755536155802044,0.007482987980955702,0.00710099900039074,0.005762196914854911,0.003922558314227498,0.002212140605476698,0.0012543749544544625,0.0014842015457081636,0.0030175125316174167,0.005611198782218718,0.008727420588452883,0.011684538983937731,0.013849824308901137,0.014814554235379251,0.0144959887902405,0.01313299997658346,0.011176860846067616,0.009115370113615295,0.007295220839650618,0.005814844959866949,0.004544048428491099,0.0032909377345049506,0.002090708797144014,0.0015482122323415837,0.0031397813006210917,0.009378181282986287
0.03603145900422078,0.022728744452471528,0.014039074203886948,0.0081784225321897,0.0041314994793619775,0.0014847660144292618,0.00017901837228029294,0.0002505890944504152,0.0016241524238145288,0.0040002518787227714,0.006852692860702891,0.009522010388814728,0.011368120255001113,0.01193290001231917,0.011063930816644252,0.008963055215780003,0.0061442787271706045,0.0033096793806830505,0.0011736445005294804,0.00027980508592229114,0.0008580431908660202,0.002759924837619998,0.005491686543498631,0.008338897869045514,0.010552313431904992,0.011546765478036125,0.011059467866762152,0.009223147175949187,0.006531449236273801,0.0037036824228802168,0.0014850533077548356,0.0004384967180177668,0.0007884394307544618,0.0023631169116979933,0.004653558143932646,0.006972117523530219,0.00866220832699316,0.009293841110554535,0.008782922483209443,0.007396021971840305,0.005639838574866829,0.004074418342314257,0.0031184462424120873,0.0029235469514241608,0.0033784750638226058,0.004266969476018012,0.005555224524028901,0.007740396256610271,0.012163752979578835,0.021189797024985246
0.05518222781229065,0.03700986314324073,0.024484866357250556,0.01567378927444274,0.009343100752510214,0.004853197895453576,0.0019629957044666746,0.0006027372679922038,0.0006727468255083302,0.0019133041047711963,0.003869179301927872,0.005946909019494573,0.007539445679883183,0.00817656418873458,0.007653889709398953,0.006099794206296583,0.003956230396978011,0.001872916022063631,0.0005384968754555963,0.0004911937544549438,0.0019596873162939232,0.004779711957469512,0.008413539355668131,0.012072421147641954,0.01491318601321412,0.016257727564714664,0.01577506449761623,0.013573581750686348,0.010174729410448613,0.006372757757280745,0.003018518370184964,0.0007888037479668597,8.449761160544966e-06,0.0005778914992484729,0.002027696159303538,0.003682907878384434,0.00488577794854006,0.005206697715996356,0.004576476495301129,0.0032982457883146132,0.0019369068463812589,0.0011258947420489385,0.0013616561051454923,0.0028652818868293295,0.005574344310967927,0.009290164152414793,0.013957240453906561,0.020006686074367508,0.028667695766548817,0.04214894769817068
0.07994009597022256,0.05640194460896453,0.039489354560679146,0.027143504990911893,0.017940127509018744,0.011041583450160708,0.00605003030168394,0.002808655454873854,0.0012041715622528315,0.001018326188391594,0.00186049229393781,0.003190994970156069,0.0044207032986429695,0.005052148399903089,0.004816012678010129,0.0037574840697058853,0.002240126993307001,0.0008578028117542935,0.0002720975670440495,0.001016334702361732,0.003320468211017946,0.007009258551688102,0.011508504445961076,0.01596482150930134,0.019451513957914113,0.021206234038325,0.020833962680316898,0.018415998803640754,0.014491004815079478,0.009910845557536074,0.0056111703188421735,0.0023629178134836337,0.0005776197207558731,0.00022382430043688117,0.0008784067209521851,0.0018950982374428271,0.002636195720271406,0.0026937897706389435,0.0020305904585127266,0.0009968146295480373,0.00022062593094762661,0.0004124183678086979,0.0021540946740161715,0.005753207868926413,0.011224978868745072,0.018427254656042003,0.027325467838375417,0.03832081490345596,0.0525482692532564,0.07204975564021154
0.10982298381936406,0.08063407362103758,0.05893078119930406,0.04256190833256568,0.029953170973127996,0.02011121380104619,0.012519033794394119,0.0069604742638018635,0.003323523208532464,0.0014332393119689257,0.0009546941660700803,0.0013863330004570962,0.0021389940005032138,0.0026715519940871957,0.002637203750041728,0.0019899053653675836,0.001010556282140751,0.00023533745152226615,0.0002983166468317755,0.001728535682208765,0.004759501767813479,0.00921000097937874,0.01447786529587658,0.019656871078493232,0.023750264308122215,0.025923714769955808,0.02572579881344028,0.023210847518991162,0.018926041438634744,0.013764308696500027,0.008724874346523581,0.004651589446602156,0.002026273960781033,0.0008776054536556721,0.0008304911889935873,0.0012774117951761532,0.0016156245519165502,0.0014743547510751576,0.0008605807926156395,0.0001794277413291745,0.0001268863141667964,0.0014953252297869035,0.004962415596295067,0.010941896057418798,0.019557287455461037,0.030762202365835378,0.044584442765823074,0.061429488100272156,0.08235458934778261,0.10922472721128251
0.14319268980691158,0.10832709872421287,0.08165748267686856,0.060975145244516415,0.04460121614156476,0.03143444720074928,0.020880795242643302,0.012694885696316494,0.006780893158039092,0.0030071763580963307,0.001082905285946012,0.0005266141742197306,0.0007300661114593154,0.0010926690113706172,0.0011797550109631239,0.0008491423212464433,0.0002981253776979109,6.207594104079561e-06,0.0005813799231337846,0.002549941893125851,0.00615144562399772,0.011203637395594601,0.017084990154233815,0.022848840367035717,0.027443131245735497,0.029975845399820233,0.029949552079035158,0.0273951442006366,0.022863508649426212,0.01727609436227917,0.011678041523401461,0.006967200584166999,0.003679463927745541,0.0018929602741102336,0.001276420685056845,0.001262237980040215,0.0012866410301297648,0.0010200346157112072,0.0005158991497826726,0.0002347528512696151,0.0009413704022014358,0.0035153265716401094,0.008743677795373994,0.01717117146263014,0.029065759284784498,0.0445208545635456,0.06367181278814416,0.08696574911012034,0.11540236087079547,0.15066507026350306
0.17724201344896162,0.13697254824290317,0.1054619796316758,0.0804729638678392,0.060262678707851514,0.043665599365815044,0.0300486472750503,0.01916315076422137,0.010940264250806297,0.005288061470550165,0.0019457455426148407,0.00043302403094225284,0.0001044508424175028,0.00028674216380242257,0.0004508261102311728,0.00035796171334112614,0.0001253878684837062,0.0001808946409833645,0.0011109282697954193,0.00344266806284077,0.007425309696234894,0.012880776196416921,0.01917648268455263,0.02533715020669236,0.030269747724816387,0.03303909073756062,0.03311353909400161,0.03050705616395666,0.025774075881169534,0.019857966063554944,0.0138384094337618,0.008653572387347985,0.004879774174873397,0.0026324359106419948,0.0016136167170324178,0.0012858834500888427,0.0011141580266618156,0.0007984457417244961,0.00042644141966929894,0.000503367594591797,0.0018574372357469393,0.005459707903445299,0.012224038625003875,0.022858182915417302,0.037819525557398315,0.057394452612347546,0.08187969317306854,0.11180955287578609,0.14815488740089133,0.19242294383875969
0.20826568839203707,0.16318340808933396,0.1273090323635544,0.0983920954647961,0.07465278331080372,0.05489161752177152,0.03846235483047433,0.025128721780512286,0.014851945611733974,0.0075714352204832025,0.003040545566468822,0.0007621595723570351,3.8630983457021983e-05,0.00011546428849751322,0.0003682199998218394,0.00046701485036582113,0.00045821470714457746,0.0007279601116447765,0.0018500144992072975,0.0043594173341845455,0.008520800637703996,0.014166359859446143,0.020660298358893936,0.02700898046594391,0.03209059394215075,0.03493943811413969,0.0350008377780644,0.03227981360989496,0.0273381838425939,0.02114086513305624,0.014798095970653069,0.00928146779137995,0.00519823242260431,0.0026886239778574073,0.0014716582525382549,0.0010189520116798967,0.0007982197165445903,0.0005099077003465347,0.0002468746126362831,0.0005350442699274538,0.0022527459844288167,0.006464926302775176,0.01423348833329019,0.026469385349272123,0.043875264877262676,0.06699551432766171,0.09635392294564005,0.13262918259794532,0.17680389335332514,0.23022743668740464
0.23219005370617252,0.18319538347882958,0.14380059459575723,0.11173895843198034,0.08520017388021373,0.06296077834547953,0.04436885518430023,0.029201384187596435,0.017442474811331987,0.009049103820335525,0.0037720771576901235,0.001082354464915003,0.0002205879278491807,0.0003494874333629383,0.000755725189997225,0.001031009262612237,0.0011668668385209635,0.0015240777935638938,0.002678042840287276,0.005183095531420268,0.009328186390884063,0.014963215326300183,0.021456366138581817,0.02780337355779139,0.032862015425710656,0.035644653756823796,0.035581722172067565,0.03267649686801333,0.0275041856722269,0.021055921441413883,0.014475407882555302,0.00876773511654605,0.004566452340825755,0.002024879591862039,0.0008579962067085667,0.0005152163823241018,0.000426627500390353,0.00024719445374454807,2.9567485985371178e-05,0.0002830832670941419,0.0019145364536727882,0.0060826654534356095,0.014021729835474783,0.026893585532286046,0.04571235130444018,0.07135720441361348,0.10465682675677179,0.1465037145546857,0.1979454005951542,0.2602053147654373
0.24527597724288164,0.19353852707028896,0.1518045551496825,0.11776686959981575,0.08956714529686183,0.06594355289890608,0.04622398152159013,0.030182026220396896,0.017805875315792363,0.009050950755150389,0.0036491558474107677,0.0010292383939738414,0.00036836031072473574,0.0007539640957121563,0.001399652466869128,0.0018403164546900719,0.0020367477049347826,0.0023478488988106783,0.0033712177480205163,0.0056969644128845864,0.009650676352996435,0.015108724638055904,0.02144936266190367,0.027661935256318326,0.03258690070766823,0.035217296742629856,0.03497157326456923,0.03185531319239443,0.026462961295931287,0.019819481785176674,0.01311021489952946,0.007379830152789868,0.0032883141553314843,0.0009920163728684983,0.00017819537234542437,0.00023547760959719,0.0005047309261674293,0.0005362000693467373,0.00028366676736668595,0.00019144877644405867,0.0011657310975623503,0.004455971088595856,0.011494405874342473,0.023746239653616552,0.042610286289073596,0.06938553353239252,0.10529220881483825,0.15151536963586576,0.20923092616051653,0.2795800433163289
0.24486676183686784,0.1917565893556632,0.14913248945748947,0.1146025924484011,0.08621915011921732,0.06264284825041333,0.04314427260377718,0.027459086280246847,0.015549144759417821,0.0073443895970535245,0.0025429046563081315,0.0005272509560705352,0.00041875225615362055,0.0012479677092280816,0.002182172013267092,0.0027311746440599194,0.0028581152735425164,0.002951211716459845,0.0036571965577989474,0.005623306111508075,0.009227095057191548,0.01438092267584512,0.02047742242649564,0.026499567058143825,0.031267491581244755,0.03375059185024076,0.03335178527107585,0.030078303227086156,0.024547600442210715,0.0178268850667771,0.011154460069134675,0.005625011508930466,0.0019291577618445466,0.00021851766349323398,0.00012845847672249278,0.0009446300234974281,0.0018607841526661062,0.002255224994176075,0.0019158697487822174,0.00116615660315178,0.0008769519208704502,0.00238186794148465,0.007335219330066423,0.017557945974901124,0.03490762572820483,0.06118949077289626,0.09810401648937939,0.14721075372726578,0.20988249793593283,0.2872295534060698
0.23003749833625964,0.17703518564747345,0.13513447253939193,0.10179900290919042,0.07493028542858315,0.05305093080409051,0.03531704335401198,0.02137572672064536,0.011121766313875625,0.004431822652166684,0.0009574426391010249,3.808019755791037e-05,0.0007570994907943884,0.0021182233754810653,0.00328078617381955,0.003771887116512662,0.003599193310970694,0.003218790104857927,0.003359060211145959,0.004749458467185885,0.007836627248786865,0.012578131462235742,0.01838287259734761,0.024223129919014763,0.02888997823532735,0.031318538944731245,0.030886715686465394,0.027598086052389004,0.02209416270848008,0.015492206474809755,0.009096062518743064,0.004063339954035072,0.0011223374454849555,0.00041462443725803766,0.0015009609480558517,0.003522049333704036,0.0054656703306328325,0.006469087117620731,0.006084841220138859,0.004456643982928998,0.002381836456522457,0.0012673928519424393,0.003008568198365591,0.009828030091999285,0.024108795423430696,0.048240966366650095,0.08448675129586647,0.13485679287431918,0.20098716697343688,0.2840109162099256
0.20201755135773025,0.15061330936160466,0.11109026555285029,0.08069938526300202,0.057117351850134224,0.03865310122905141,0.024276296964531596,0.013482636334515075,0.006051194852551234,0.001774856356262955,0.00024837516248865654,0.0007779350715302336,0.0024364834239540833,0.004241956400246938,0.005395042650127468,0.005492226103812836,0.004635757568332455,0.003393895377683087,0.0026128189086191966,0.003130965434275268,0.00548113294370145,0.009673805604363928,0.015133399008341542,0.02081376500725174,0.025464416480737828,0.02797188421158525,0.027676361519954895,0.024569999803881526,0.01931782186428732,0.013094218203545172,0.00728119136326022,0.0031128764706322976,0.001363606414317431,0.0021615200471951646,0.004972679926092738,0.00875417593235639,0.012232756823188584,0.014239356568711337,0.014024685006337023,0.011495172057202296,0.007334892792167036,0.003008146251329613,0.0006605849037026879,0.0029492088296256824,0.01283268114538716,0.033346619559767365,0.06737899773940725,0.11745342665620573,0.18552567613894588,0.27280136266101884
0.1642993281138332,0.11589217232165616,0.08031291535259566,0.05453227327436316,0.03592466068855904,0.0225035532384803,0.012972866040274145,0.0066073294108113245,0.003017144840840924,0.001879601297198441,0.002724596094129339,0.004840203281107236,0.007324028261796567,0.009257789308564135,0.00994107891767948,0.00909880208801539,0.006982785908181466,0.004320428067830839,0.002112369487111465,0.001331626237719874,0.0026120305426498014,0.006022226613111581,0.01099931124501019,0.016469785201571607,0.021129020175361113,0.023801586832823407,0.02377887423070213,0.021035551499830607,0.016260884745130433,0.01069395105380666,0.005807180321976357,0.002924054076359095,0.002872815444783239,0.005765525436622898,0.010956193491446165,0.017184731940164344,0.022868964359100463,0.026476390661538396,0.026896925080619916,0.023746885535040896,0.017557265144655165,0.009827242459950813,0.002948930609227407,2.6338615119136932e-05,0.004619085635938269,0.020441556868063593,0.05104463458681918,0.09950344623829066,0.16813274071126028,0.2582514537768805
0.12240427391264896,0.07821139439715719,0.047934267413701104,0.028205964029905495,0.016028213674792458,0.009041140671067094,0.005604994052403445,0.004703891408159855,0.005725584643243131,0.008200198786188828,0.011586225121150484,0.015171682918433405,0.018117816437955625,0.019623886223508524,0.019149530430370376,0.016609289351765977,0.012459784854226719,0.007632681803495522,0.0033162135626598754,0.0006391449311422548,0.00034699136502114314,0.0025689159653912164,0.006751281769505901,0.01178654586621608,0.01630831865423854,0.01907281763203894,0.019319321566785952,0.01700613510846649,0.012852779197989328,0.00817318139944545,0.004542390011763153,0.0033840989442328606,0.005585974137433336,0.011240322810084802,0.01957357113696423,0.029080368831401415,0.037830587016420836,0.0438820034008649,0.04571513637539226,0.042610359006848064,0.03490659372370075,0.024108043941378998,0.012832867646500823,0.0046198562541990285,0.0036236393110931076,0.01423617961376733,0.040674515969609804,0.0865741845214405,0.15462587310662412,0.24628966057574253
0.08333837672673905,0.044322705508659244,0.020400078706712677,0.007827494234561971,0.003180624232507423,0.0036623480240178807,0.007221794515007041,0.012489862025887533,0.01858244317889035,0.024852989249805724,0.030682731561122445,0.03537754206384802,0.03820048730592873,0.038520551145204696,0.036015854136404624,0.03084758957099032,0.023726536789526964,0.015826457233828695,0.0085482648620534,0.0031900030488838382,0.0006137035228586107,0.0010088209307723695,0.0038292577244321002,0.00793306662187998,0.01189495547834607,0.014409662172264248,0.014675108397232073,0.012646991062694735,0.009090404604589875,0.0054091456051166276,0.0032934659217493945,0.004275224579561865,0.00930285433478284,0.018442232860044427,0.030776971296354372,0.0445331681493939,0.05740284926198891,0.06699963251391372,0.0713577905414402,0.0693841383134437,0.061187937865804454,0.04824074013789259,0.03334833963180284,0.020444680898401568,0.01423901171001729,0.01976174807553077,0.04186203127873611,0.08471202647320464,0.15137054475035105,0.24345186589628653
0.05482187505685232,0.021643154468450554,0.004753116729291573,2.0071768355389707e-05,0.0035656687621332672,0.012114551687874009,0.023156136078589906,0.03491945363355686,0.04620799528920738,0.05617315090148045,0.0641130885564567,0.0693661904866083,0.07132965933924806,0.06958638747302714,0.06408161460988326,0.055268869028212375,0.0441499698105523,0.03216566286737077,0.020942297973325363,0.011950420760019398,0.006166711185802143,0.0038390167488739912,0.0044313128404156465,0.006777134656006378,0.009410416199836291,0.010989650691259012,0.01070101743859908,0.008527983197982092,0.00530863036331608,0.0025579335612206933,0.00209447972340282,0.005562468073137428,0.01396678711734678,0.027335531859710382,0.04459307416676905,0.06367742229588913,0.08188150128522897,0.09635219856509947,0.10465283571840978,0.10528787271966067,0.09810136410734538,0.08448730435391338,0.06738325302188786,0.051051779776602135,0.04068245553572458,0.04186771913250231,0.060018160781611485,0.09978681585456473,0.16456856293423794,0.2561303733307798
0.04441190748157675,0.017403787117958647,0.007816230017470005,0.011146054963659058,0.023063987824257115,0.0398049923708923,0.058375805026269934,0.07657489102890924,0.09286607203042063,0.10617965958674569,0.11572482238911208,0.12088130138122155,0.12120230070796678,0.11651479524825614,0.10706323997840173,0.09362111326299116,0.07749961907047931,0.060413574496295475,0.04421185889837975,0.03052876690515527,0.020446969602910592,0.014270383655496488,0.011482056365677007,0.010913860555551658,0.011095146636112663,0.010694238103673648,0.008935939667310322,0.005879654210358076,0.0024764066297198184,0.00037978137298866343,0.0015497775005082204,0.007742494037563219,0.02000840428519135,0.03832093668506342,0.061426869164055375,0.08695973534366175,0.11180031108353639,0.13261783135498062,0.1464921918536688,0.15150604580072802,0.14720587115966666,0.1348578670090097,0.1174607593869319,0.09951587909113213,0.08658916100734837,0.08472595781476455,0.09979567231799535,0.13684861687876104,0.19956265746053425,0.2898432849604884
0.058647777404429835,0.03782092443226137,0.03539872559833723,0.04655416977204929,0.06654349672500581,0.09113367974684605,0.1168557813809814,0.14107331965448378,0.16190009427227148,0.17803494698051336,0.18859241765340373,0.1929951412838098,0.19096048397936638,0.18257112607127768,0.1683811254804608,0.1494883817195718,0.12750895496778591,0.1044178902320434,0.08226631714298582,0.06283118203760685,0.04728635540594173,0.03599025697093117,0.02846162895163884,0.023567148811634464,0.019885636084302494,0.016161015772549803,0.011725883154020345,0.006779085128653772,0.002434564847896059,0.0005158898610675422,0.003135949071246813,0.012156899289653023,0.02865727255669448,0.052533794820691426,0.08233593506826065,0.11538003813688524,0.1481302333936121,0.17677906918451836,0.19792315961786766,0.20921417232100303,0.2098737161369293,0.20098785097895977,0.18553589109648394,0.168150932710871,0.15464898364846213,0.15139441828077738,0.16458856929264476,0.19957440501793755,0.2602438487002465,0.3486170876510921
0.10233667152057091,0.08740569913088247,0.09163840790167832,0.10995934994829071,0.13727870097682526,0.1689503892804063,0.20106816923288484,0.23058274965262937,0.2552668712567421,0.27358811625943247,0.2845621220826562,0.28764849129034786,0.28272188017069766,0.2701115385280728,0.2506672182648737,0.22579017423990067,0.19737222799035692,0.16761318907678735,0.13872910982609543,0.11260719316514933,0.09049280910703983,0.07279881272529698,0.05910351217303811,0.0483565376300219,0.0392544810140909,0.030697276183006217,0.0222073176577271,0.014195659104303537,0.007993739948067624,0.005626338618138771,0.009366742677839657,0.021171306427950842,0.042123278339751824,0.07201725893478494,0.10918642047908156,0.15062277956624381,0.19237932849176653,0.2301858385516513,0.2601694143560227,0.27955335646013557,0.28721485196983476,0.28400968909248014,0.272813437925306,0.2582748764635139,0.2463208692748169,0.24348614759063025,0.2561625166226058,0.2898683113022851,0.3486309277971187,0.43455520301376405
