301.2926633525624,290.40909873541585,279.59222989480526,268.85949311138205,258.22765280358914,247.71275663311965,237.33009445397988,227.09416125614484,217.01862422493974,207.11629401726486,197.39910032800495,187.87807179605548,178.56332027495498,169.46402946613648,160.5884478911303,151.94388615204957,143.536718408484,135.37238797606156,127.45541692881437,119.78941956862512,112.37711960536316,105.22037087214143,98.32018138562509,91.67674054383681,85.289449242608,79.15695267859282,73.27717559706231,67.64735973387579,62.26410319606567,57.12340151736501,52.22069012583068,47.550887955300354,43.10844193704583,38.887372105546795,34.88131705983377,31.083579524784007,27.487171763905284,24.08486060389458,20.869211840350555,17.83263380343184,14.967419876967679,12.265789773805135,9.719929385977926,7.322029042881661,5.064320023705172,2.9391091879703968,0.9388116031784812,-0.9440189353179647,-2.7166615809435566,-4.386202379975702
278.8088599880577,268.30237998767706,257.87433495752623,247.54174738521547,237.3209630252113,227.22760666236647,217.27654165591812,207.48183341186973,197.8567169068464,188.41356836355027,179.1638811534868,170.11824597844264,161.2863353567578,152.67689241806156,144.29772398404083,136.15569789104802,128.25674448605355,120.60586220677908,113.20712713396289,106.06370638487253,99.17787519747796,92.55103753640057,86.18375003702343,80.0757490864566,74.22598082945163,68.63263387302605,63.2931744546417,58.20438383012229,53.36239762925826,48.762746924524905,44.40040075110303,40.269809818321214,36.36495114987318,32.679373392984644,29.20624253948084,25.93838780577019,22.86834742601279,19.988414119133633,17.29067999958066,14.767080711329449,12.409438577154726,10.209504564485268,8.158998884741036,6.249650056380851,4.473232274624882,2.821600947512315,1.2867262735008933,-0.13927525056381262,-1.464111483377505,-2.6952875338098257
257.20715700069826,247.08690469912918,237.05613128408885,227.13143715053536,217.32874289536815,207.66324574197998,198.14937967412027,188.80077942445845,179.6302484431086,170.6497309449774,161.87028811539915,153.30207852483267,144.95434278444327,136.83539244813835,128.9526031425871,121.31241188690734,113.92031853777195,106.78089127640837,99.89777603208381,93.27370971691448,86.91053712866697,80.80923135890039,74.96991753000113,69.39189966740899,64.07369050104944,59.01304397745918,54.20699025435973,49.65187293971894,45.3433883300873,41.27662639961549,37.44611328300687,33.84585499815427,30.46938215023409,27.309795361313224,24.35981117181975,21.611808163947778,19.057873063688334,16.689846582436036,14.499368770504342,12.477923661112287,10.616882995848004,8.907548833042174,7.3411948529970825,5.909106187398276,4.602617612978113,3.413149965562103,2.3322446443908276,1.3515960908873217,0.4630821439804734,-0.34120781288806806
236.51383779316114,226.78785595867097,217.16168427395556,207.6514942497346,198.27277634986214,189.04029707653618,179.9680596847754,171.06926867217317,162.3562981682487,153.8406643245733,145.533001784425,137.4430442885251,129.57960944926526,121.95058770309322,114.56293542919656,107.42267219816722,100.53488209419486,93.90371903278738,87.53241597450615,81.42329791727829,75.57779853022411,69.99648027448806,64.67905784140257,59.62442472229879,54.83068271112228,50.295174129268766,46.014516551168384,41.984639799740165,38.20082497444965,34.65774526704012,31.34950831819967,28.26969986223533,25.41142840969978,22.767370714751255,20.329817777620764,18.090721136482262,16.041739205763722,14.174283426268104,12.479563997761263,10.948634974704195,9.572438515449633,8.341848084169968,7.247710418771485,6.280886088548538,5.432288479071655,4.692921056341297,4.0539127747355606,3.5065515093699946,3.0423154079095607,2.652902071414817
216.75092088021646,207.42612031152012,198.21073388912424,189.12049898636045,180.17047250113797,171.3749885969441,162.74761998675345,154.30114290450024,146.04750588903534,137.99780248322662,130.1622479288652,122.55015991568912,115.16994342187134,108.0290796587921,101.1341191130144,94.49067865589534,88.1034426683227,81.9761681106143,76.1116934449879,70.51195129933761,65.17798474378293,60.10996703353233,55.307224655076524,50.76826349982338,46.49079797233942,42.47178283264479,38.70744755702187,35.193332995488305,31.924330094765587,28.89472044945984,26.09821844060865,23.528014714977044,21.176820760477153,19.036914328477696,17.100185459022484,15.358182864764679,13.802160435628876,12.423123628948805,11.211875519578566,10.159062289671953,9.255217947846747,8.49080807732209,7.856272423282443,7.3420661410186,6.938699539454875,6.6367761676363815,6.427029104163774,6.300355325567094,6.247848042114777,6.260826905046588
197.93611615498068,189.0182483250234,180.21865956270503,171.55264941316508,163.03483933544695,154.67913109164493,146.49866858425708,138.50580328764428,130.7120633968661,123.12812679980576,115.76379795385604,108.62798872997112,101.72870326368852,95.07302683145807,88.66711875049066,82.51620927693561,76.62460045840436,70.99567087632941,65.63188419299708,60.53480140070527,55.70509665169408,51.14257653088329,46.84620261744654,42.81411716650676,39.04367172875238,35.53145851346178,32.27334428963978,29.264506609999845,26.499472135347133,23.972156828901667,21.675907786318668,19.60354646200325,17.74741305150135,16.099411787598758,14.651056908996274,13.393519062208723,12.31767190062013,11.41413864977559,10.67333841176375,10.08553199215651,9.640867036948986,9.32942227898238,9.141250702340784,9.06642144396418,9.095060263300155,9.217388423722024,9.423759842022099,9.704696375236992,10.050921128546038,10.453389681498805
180.08280336649747,171.5764375221656,163.19646761752878,154.9577532589858,146.8744801653485,138.96011919389082,131.22738871297867,123.68822046692492,116.35372905816718,109.23418515277149,102.33899249382964,95.67666878842698,89.25483051233783,83.080181654839,77.15850640819816,71.4946657818828,66.09259810603226,60.955323364390104,56.08495128250377,51.48269307374132,47.14887673334808,43.08296574825134,39.283581080714285,35.74852626292942,32.47481543258199,29.458704121043247,26.69572259917284,24.180711573535447,21.907860018483735,19.870744921782478,18.06237271674086,16.475222167853865,15.101288476039446,13.932128366864532,12.958905925127011,12.172438940258484,11.56324553071888,11.121590817242883,10.837533421638016,10.700971573485184,10.701688613260167,10.829397690567026,11.07378546331566,11.424554616194923,11.871465024516281,12.404373404582088,13.01327130090767,13.688321275259113,14.419891174845114,15.19858637057096
163.2000328371243,155.10853768899608,147.15080118007592,139.34124245804074,131.69361277690874,124.22095514403377,116.93556720664171,109.84896752131618,102.97186533383812,96.3141339762206,89.8847879690312,83.69196389766678,77.74290511040093,72.04395026810538,66.60052575235855,61.417141923023,56.497393192545964,51.84396186948792,47.45862570071734,43.34226902783331,39.49489745337665,35.91565589645904,32.60284990385089,29.553970063650308,26.765719360510282,24.23404329433666,21.954162575622636,19.920608199895927,18.1272586949477,16.567379326675265,15.23366304432723,14.11827293908135,13.21288598893453,12.508737858270054,11.996668521787278,11.667168480293928,11.510425341258442,11.516370535522803,11.674725950200893,11.975050259234644,12.406784742169947,12.959298387695819,13.621932087320197,14.38404173389256,15.235040049298995,16.164436977125934,17.16187848706434,18.217183649901468,19.320379854667003,20.46173605212855
147.29254831264842,139.61807842684385,132.08397243672937,124.70421010663628,117.4921110754746,110.46029510659129,103.62064546201094,96.98427554552336,90.56149894136583,84.36180295905028,78.39382577385811,72.6653372359108,67.18322340154438,61.95347481964374,56.98117858938495,52.270514183818726,47.82475301776982,43.64626171719317,39.73650903113358,36.09607630903327,32.724671449277025,29.621146208090256,26.783516744210356,24.208987257791073,21.893976570080223,19.834147478328326,18.024438706445984,16.45909926462365,15.131725020047194,14.035297272899825,13.16222312698004,12.50437743637255,12.053146107034081,11.799470529452005,11.733892915371344,11.846602313021656,12.127481075290618,12.566151557179486,13.152022822799603,13.874337145934094,14.722216094359725,15.684705993655712,16.750822575439585,17.90959462058307,19.150106420653223,20.461538887736847,21.833209155365324,23.254608524018902,24.715438616393854,26.20564562008429
132.36083170295183,125.10431868332675,117.99401694373758,111.04346953387405,104.26556889332005,97.67251768313062,91.27579261913314,85.08611145361783,79.11340323241993,73.36678194015606,67.85452362625863,62.58404708982051,57.56189817971799,52.793737751373705,48.284333300196025,44.037554276537676,40.05637106549933,36.34285760043342,32.89819755762432,29.722694066702495,26.815782850360428,24.176048695444397,21.801245137615222,19.688317231631874,17.833427262709687,16.23198324264786,14.878670023809152,13.767482851720859,12.891763168645271,12.244236471635878,11.817052022090147,11.60182419632328,11.589675263880425,11.771279374644564,12.13690753528712,12.676473352982887,13.379579325128518,14.235563455174306,15.23354597607253,16.362475967763096,17.611177658059308,18.968396203602317,20.422842752527078,21.96323859953336,23.57835825062495,25.257071226160512,26.988382438638077,28.76147099375692,30.56572727333235,32.39078817192123
118.40116933754724,111.56231786226307,104.87476956779582,98.35163504084193,92.00538548888635,85.84781412733928,79.89000044093432,74.14227746610055,68.6142022230857,63.31452941211792,58.25118847105511,53.43126407541392,48.860980143501,44.54568739358596,40.48985448092169,36.697062726101066,33.170004427156144,29.910484732960455,26.919427035544558,24.19688182441267,21.74203892890217,19.553243058438436,17.62801253660154,15.963061109370402,14.554322695096683,13.396978930677376,12.485489356402633,11.813624071449398,11.374498681508836,11.160611351948857,11.16388177174842,11.375691826217466,11.786927772135687,12.388023704896518,13.169006100932325,14.119539221956614,15.228971161642919,16.48638031894749,17.88062208215683,19.400375511210612,21.034189808214634,22.770530372816253,24.59782424194075,26.504504722739174,28.479055033424586,30.510050775111743,32.5862010680467,34.69638819382284,36.82970559664327,38.97549410794155
105.40573923071503,98.98302798368596,92.71596150171908,86.61722372820596,80.69887213473288,74.97229963538037,69.44819924181012,64.13653160605355,59.04649558132658,54.18650191864355,49.5641501985527,45.186209085782274,41.058599973288075,37.18638407000758,33.57375296720311,30.22402270291593,27.13963132586491,24.322139945358767,21.7722372355804,19.489747346194548,17.473641157952173,15.72205080219163,14.232287353066999,13.000861582358855,12.023507657364691,11.295209645566473,10.810230681208507,10.562144634705785,10.543870117786748,10.74770664660071,11.165372777233308,11.78804602091876,12.606404339279887,13.610669016290883,14.790648698056312,16.135784389677543,17.63519519664662,19.277724596668058,21.051987030107856,22.94641459671301,24.949303650601124,27.048861088416885,29.23325012977674,31.490635396788615,33.80922710296022,36.17732417207053,38.58335611415309,41.015923495791014,43.4638368505615,45.916153887033786
93.3627187236664,87.35340623497612,81.50333767451428,75.82477770667012,70.3293790642291,65.02814495800708,59.93139408836802,55.048728405399906,50.38900375065218,45.96030350000498,41.76991531274411,37.824311076863566,34.129130125780115,30.689165785988973,27.508355298053022,24.589773139375197,21.93562775985631,19.547261725373772,17.425155248220218,15.56893306822895,13.977374632587187,12.648427506476205,11.579223932852566,10.766100445307911,10.20462042320612,9.889599467251069,9.815133458761025,9.974629157646763,10.360837179646925,10.965887186601163,11.781325113879689,12.798152249433544,14.006865975005319,15.397501971257912,16.95967768654737,18.682636861872314,20.555294906109935,22.56628491032462,24.70400409119042,26.956660454436957,29.312319469886507,31.75895055315205,34.28447315199791,36.87680224138444,39.52389303471594,42.21378472807057,44.934643099388126,47.67480179329667,50.42280213305434,53.16743130733494
82.25641174923753,76.65654713490886,71.21879375049662,65.95500586130981,60.876441924262835,55.99372745840945,51.316820372997114,46.854978899627994,42.61673226427646,38.609854222184985,34.84133956340544,31.317383686624588,28.043365319841328,25.02383245636212,22.26249155640392,19.762200050924857,17.52496216830188,15.551928088907385,13.843396418398719,12.398819953004741,11.21681469697593,10.295172076826443,9.630874281361974,9.220112643839032,9.058308967998151,9.140139686992018,9.459562730944038,10.009846968233415,10.783604073011407,11.772822662930238,12.968904539566154,14.362702857214133,15.944562036814219,17.704359236036304,19.63154718030031,21.715198154494654,23.944048953346204,26.30654658325787,28.790894508717635,31.38509923602273,34.077017026101274,36.854400532041325,39.704945157943456,42.61633494001859,45.57628775610465,48.57259967440037,51.593188259289235,54.626134660184405,57.6597243156795,60.682486116702634
72.06739484903238,66.8718334141468,61.84053179773899,56.98494422506685,52.31594676480262,47.843800623289454,43.57811774573084,39.52782887320872,35.701154193152945,32.105576708777754,28.74781844170317,25.633819567730626,22.76872057469208,20.1568475148046,17.801700412279406,15.705944870950814,13.871406912430677,12.29907106108325,10.98908167618086,9.9407475176683,9.152549516394203,8.622151705747553,8.346415256411136,8.321415542423537,8.54246215299593,9.004121750639241,9.700243663713739,10.623988090122257,11.76785677550621,13.123726020361023,14.682881859101828,16.436057245492538,18.373471070357617,20.484868829611056,22.75956475470613,25.186485211580898,27.754213169884892,30.45103354022068,33.264979175677716,36.18387733064476,39.19539637242947,42.287092537902375,45.4464565328134,48.66095977211739,51.918100063629595,55.20544654219081,58.51068366757508,61.82165410520501,65.12640031671299,68.41320469542238
62.77268096053731,57.97510460614824,53.34323359434973,48.88813390642444,44.62031248800246,40.549680926392845,36.6855212801429,33.0364542112129,29.610409560155546,26.41459949213229,23.455494334057704,20.738801208578643,18.26944555895922,16.051555646964186,14.088450092235785,12.38262850669424,10.935765266525781,9.74870644619058,8.821469929101871,8.153248690449312,7.742417237552664,7.586541175117305,7.682389851633666,8.025952026264388,8.61245448328145,9.43638350900375,10.491509128720669,11.770911994275115,13.26701279657439,14.971604067255424,16.87588422478188,18.97049370650761,21.245553023943124,23.690702564919043,26.295143963658454,29.047682849212308,31.936772780757412,34.950560170753704,38.07692999480868,41.30355208485776,44.61792780002439,48.00743686917415,51.459384200774934,54.961046455749404,58.499718183521736,62.062757323781284,65.63762988201476,69.21195359234038,72.77354038773859,76.31043750569938
54.34589989150248,49.938842239401716,45.698250439913174,41.63481541486213,37.75868957602767,34.079450842250544,30.606068650558658,27.34687211231048,24.309520456684997,21.50097589509763,18.927479030360285,16.59452692216989,14.506853911239373,12.66841529109303,11.08237390525473,9.751089733660429,8.67611251987268,7.8581774767215595,7.297204094756576,6.992298062124352,6.9417562936908705,7.143075049557978,7.592961111530207,8.287345970672085,9.221402965760054,10.38956729922114,11.785558842529074,13.402407632190547,15.232481942439776,17.267518811197334,19.49865688337876,21.916471424367828,24.511011348324214,27.27183809501842,30.188066181161453,33.248405245350654,36.44120339826711,39.7544916844979,43.176029458009175,46.69335046932155,50.29380946022208,53.96462905988697,57.692946776660115,61.46586187972773,65.2704819664712,69.09396901503656,72.92358472466576,76.74673495133315,80.5510130519163,84.32424195768019
46.75749430087329,42.732370427030354,38.8738082439812,35.19213813260802,31.69717382457479,28.398176714765352,25.303822004171128,22.422166826716193,19.760620505197544,17.325917073766675,15.124090195549323,13.160450594084624,11.439566108216475,9.965244466854145,8.740518871321756,7.767636459017487,7.0480497106500275,6.582410849734662,6.370569271527816,6.411572021557378,6.703667335555421,7.244311231999199,8.030177141579362,9.0571685376425,10.320434522371404,11.814388307016374,13.532728511766042,15.468463198011417,17.61393653198681,19.960857966555274,22.500333816628636,25.22290109110222,28.118563434318464,31.17682901960943,34.386750229069754,37.736964942664905,41.2157392564703,44.811011438857804,48.5104369304318,52.30143418813857,56.17123117016681,60.10691225555905,64.0954653917347,68.12382926163691,72.17894026389789,76.24777910047492,80.31741676982584,84.375059766696,88.40809429561706,92.40412931061934
39.97492991984227,36.32207056338667,32.83522657881447,29.524383597688928,26.39903372595535,23.468140103540527,20.740103128867727,18.22272850138253,15.923197232233331,13.848037763831746,12.003100333024145,10.393533702710199,9.023764378596216,7.897478417729811,7.017605924002656,6.386308316045761,6.004968440158439,5.874183589391645,5.993761476501731,6.3627191968755525,6.979285201685897,7.840904291021794,8.944245620089555,10.285213699608029,11.858962356223223,13.6599116054968,15.681767376491345,17.917544011910895,20.359589456203448,22.999613029318994,25.82871567246411,28.837422538849253,32.01571779206809,35.353081462973456,38.83852820579881,42.46064778521664,46.20764711693565,50.067393677076495,54.02746008881411,58.075169688437015,62.19764286908941,66.38184399606666,70.61462868554524,74.88279123625114,79.17311200462655,83.47240451348688,87.76756208696457,92.04560380722256,96.29371959254689,100.49931420218766
33.962918668783004,30.671608760010727,27.545150305280046,24.59320118592816,21.824950066770388,19.249081153913693,16.873740447292832,14.70650364401917,12.754345844649217,11.023613209374899,9.519996702560661,8.248508059214695,7.213458096650585,6.418437487200273,5.866300096786881,5.55914898592307,5.498325156137996,5.684399115662762,6.117165324519862,6.795639567245639,7.718059288649455,8.881886913742418,10.283816160376754,11.919781338419453,13.784969615432875,15.873836215114235,18.180122499242668,20.69687687243663,23.416478431658255,26.330663271820814,29.430553343817333,32.70668774893482,36.149056340982696,39.74713549607905,43.4899258986172,47.36599218063825,51.363504244264995,55.47028008562574,59.67382993270565,63.96140150144124,68.32002616927501,72.73656586064399,77.19776043392406,81.69027535881827,86.2007494702406,90.71584258485456,95.22228276823026,99.7069130415943,104.15673732081429,108.55896538584915
28.683653256591967,25.742174586083493,22.963792316875917,20.35785471571002,17.933266246846816,15.698452477009447,13.661326301826314,11.829255653196986,10.209032842515022,8.806845691203682,7.628250594540849,6.678147656907677,5.960758032644326,5.47960359461658,5.237489048142286,5.236486594866427,5.477923243213385,5.9623708506685915,6.689638970630583,7.658770565712128,8.868040636111662,10.314957797998117,11.996268834794723,13.90796622847981,16.04529866530453,18.402784495186893,20.974228110128923,23.752739191823085,26.73075476519465,29.90006397911588,33.251835523034764,36.776647573396424,40.46452015033161,44.30494975431114,48.28694613748467,52.39907105519178,56.629478831253,60.9659585618093,65.39597777137007,69.90672732991904,74.48516742979864,79.11807441755185,83.79208826886438,88.49376049416405,93.2096022562167,97.92613248344374,102.62992576021287,107.30765977749927,111.94616213008817,116.53245624986107
24.097051791048578,21.49272961984972,19.049185887527535,16.775478442432664,14.680247765418569,12.771681969548213,11.05748294558538,9.544833815150449,8.240367851804084,7.150139024934889,6.279594319151973,5.633547975257466,5.21615779427869,5.03090363613634,5.0805682419361595,5.367220493750609,5.892201222006671,6.656111656554132,7.658804608856658,8.899378458986016,10.376174010991498,12.08677426473287,14.02800714188686,16.195951186680798,18.5859442505677,21.19259515292095,24.00979829741709,27.030751207429127,30.247974928260373,33.65333723206112,37.23807854273504,40.9928404865747,44.907696959231856,48.972187585788326,53.17535343802561,57.5057748601662,61.95161124268048,66.50064257288723,71.14031258114703,75.85777329099639,80.63993077611259,85.47349191691293,90.34501194531157,95.24094256229488,100.14768040661531,105.05161565407384,109.93918052343443,114.79689746581457,119.61142681754959,124.36961369714138
20.161010880557406,17.880264272268274,15.757445065415833,13.801340865630591,12.02034928137128,10.422442963496419,9.015135613507217,7.805449125306221,6.799882023704903,6.0043793612020195,5.424304230779444,5.064411049482793,4.928820761233473,5.020998102705166,5.343731067778563,5.899112699679961,6.688525330246385,7.712627376185189,8.971342792048226,10.4638532689187,12.188593253668213,14.143247854291014,16.32475368003565,18.72930265361538,21.35234881745992,24.188618140729957,27.23212132025984,30.47616955123676,33.91339322977249,37.535763533090176,41.334616807669775,45.300681681288324,49.42410879844818,53.69450306574961,58.10095827878232,62.63209398766342,67.27609444849539,72.02074949210471,76.85349713265184,81.76146772828928,86.73152949569995,91.75033517287335,96.80436961732993,101.87999812117008,106.9635152198499,112.04119376783656,117.09933405340652,122.12431272273489,127.10263128580786,132.02096397749816
16.831665669256214,14.860061306047566,13.043031517476107,11.389114738254513,9.906487621422531,8.602930063203896,7.485791017088544,6.56195526581437,5.837811317946183,5.319220596956258,5.01148808659639,4.91933459474086,5.046870793777432,5.397573190155963,5.9742621704580365,6.779082262563525,7.813484746117595,9.078212732434597,10.57328882906552,12.298005489845732,14.250918141115989,16.429841162580356,18.831846786810583,21.453266968535964,24.289698260032875,27.336009714076067,30.586353819675914,34.034180462004734,37.672253878950904,41.49267257416362,45.48689212776005,49.64575082935536,53.95949804666319,58.417825220590814,63.009899369412736,67.72439896464556,72.54955203131989,77.47317630921637,82.4827213014049,87.5653120231085,92.70779425542273,97.8967810976058,103.11870060392164,108.35984428436527,113.60641624281105,118.8445827216091,124.06052181930568,129.24047314539632,134.37078717803573,139.43797408938389
14.063655222098172,12.385964448693827,10.85902620857976,9.491151644154277,8.290319086391907,7.264139008477301,6.419819588495814,5.7641330535415625,5.303382975261626,5.0433726915138175,4.989375024308919,5.146103463895983,5.517684986360789,6.107634667686319,6.918832250372787,7.953500816542837,9.213187709630116,10.698747841912079,12.410329513251497,14.347362858093698,16.50855102433376,18.89186417713282,21.49453640698141,24.313065606247168,27.343216366401414,30.580025930108977,34.017813218391765,37.65019093645933,41.47008074464779,45.46973146550496,49.64074027930095,53.974076845899866,58.46011027153878,63.088638824501764,67.84892228788974,72.72971681892187,77.71931217384821,82.80557113968835,87.97597100127425,93.21764686098246,98.51743661469966,103.86192737908313,109.23750315484521,114.63039350227159,120.02672300032307,125.41256125327497,130.77397320610868,136.09706952754365,141.36805681743186,146.5732873976058
11.810391658566996,10.410650483223122,9.15740428182927,8.058759498932833,7.122519399404624,6.3561488940967275,5.766739794125343,5.360976668046635,5.145103478977835,5.1248911797139005,5.3056064448072995,5.691981716712868,6.288186742662335,7.097801774940136,8.123792603106752,9.368487581592916,10.833556809053029,12.519993608980059,14.428098450920453,16.55746544287609,18.906971513461713,21.474768390922026,24.25827747270719,27.25418766522698,30.45845625932359,33.866312890700925,37.47226661878252,41.27011614130074,45.25296314331545,49.41322876469549,53.74267314927435,58.232418023880086,62.87297223633098,67.65426016513292,72.56565289550689,77.5960020404073,82.73367606887442,87.96659898852717,93.2822912148122,98.66791244507051,104.110306343363,109.59604683053217,115.11148576268056,120.64280177369,126.17605004688492,131.69721277871602,137.192250087749,142.6471511227105,148.04798511967232,153.3809521577124
10.024331430352957,8.885903197288485,7.889311509263952,7.0424813288997665,6.353064638058659,5.828405078449465,5.475502839842652,5.300979973472792,5.311046312428178,5.511466183571479,5.907526096368784,6.504003594940193,7.305137458922219,8.31459943553003,9.535467683085864,10.970202101256598,12.620621716959862,14.487884288176078,16.572468279370153,18.874157352948597,21.39202750935018,24.12443699788427,27.06901910661712,30.222677924684216,33.581587159078886,37.141192065993934,40.89621454776349,44.84066144277115,48.967836022753616,53.27035269060659,57.74015485622986,62.36853594733691,67.1461634947633,72.06310621366424,77.10886398275484,82.2724006076156,87.54217923531611,92.90620027232738,98.35204164090507,103.86690119495948,109.43764110239016,115.05083398771465,120.69281061768903,126.34970890249771,132.00752397528856,137.65215910715057,143.26947720690418,148.8453526523093,154.36572319546886,159.81664168507464
8.65724714186647,7.762887576953464,7.005340687029012,6.392373693263733,5.931511506844801,5.630001127439307,5.494776108197536,5.532421268478988,5.749137841137003,6.150709245553874,6.742467678142982,7.529261716841226,8.515425132125731,9.704747100053215,11.100444006745176,12.70513303206487,14.520807695233298,16.548815536055475,18.789838100903342,21.243873390574727,23.91022091851917,26.787469514681042,29.873487998874126,33.16541883163692,36.65967483765223,40.35193907861578,44.237167937515615,48.309597457211495,52.56275295909232,56.98946194782884,61.58187029090506,66.33146164037606,71.22908004579782,76.26495568909893,81.42873365069954,86.70950559971588,92.09584428105686,97.57584065616287,103.13714353519623,108.76700152496942,114.4523070994032,120.17964258695578,125.93532785667898,131.70546947233075,137.47601107507427,143.23278474619116,148.96156309506992,154.64811181162258,160.27824241981125,165.83786496604367
7.660498331962722,6.992422652539232,6.455806371907639,6.0582831362656036,5.807275328335318,5.709958167212324,5.773223693302328,6.00364482430201,6.407439674962442,6.990436336396587,7.758038316520185,8.715190844350065,9.866348242315205,11.215442571047129,12.765853748255546,14.520381341471449,16.481218229096452,18.649926318654025,21.027414503426346,23.61391902959196,26.408986436822907,29.411459221677262,32.61946436273513,36.0304048301336,39.64095418821551,43.44705438326869,47.44391679122549,51.62602658215969,55.987150439256986,60.52034765171649,65.21798457951877,70.07175246979116,75.07268858280172,80.21120056619402,85.47709399580766,90.85960298099013,96.3474237145216,101.92875082613827,107.59131638286603,113.32243136104641,119.10902939842624,124.93771262108999,130.79479932425366,136.66637327596024,142.53833439843214,148.3964505768782,154.2264103326534,160.01387609628227,165.7445378081501,171.40416657349655
6.985299657679241,6.525251428959935,6.191016384761161,5.9901190882816655,5.929904166052653,6.017500051937234,6.259782436459733,6.663337611788592,7.234425909596254,7.978945435784418,8.902396309477869,10.009845619293717,11.3058933093582,12.794639211154038,14.47965143377397,16.36393632407196,18.44991020534612,20.739373094778472,23.233484596261704,25.93274215454284,28.836961846815772,31.945261878019398,35.25604893080564,38.76700750894367,42.47509239705399,46.376524341963574,50.46678904503956,54.740639534794575,59.1921019706501,63.814484908966286,68.6003920405476,73.54173838952916,78.62976994178902,83.85508664906422,89.20766873583871,94.67690621242295,100.2516314800692,105.92015489217579,111.6703031167137,117.48946012751681,123.36461063439509,129.28238574495109,135.22911063789843,141.1908540123129,147.15347906663735,153.10269575037196,159.02411402200195,164.90329784093925,170.72581961487964,176.47731482126875
6.582984961719511,6.3123063745055,6.161538547401587,6.1381216776084395,6.249347536299393,6.502322800967571,6.903931914772603,7.460799666462867,8.17925369600911,9.065287133661453,10.124521590885387,11.362170721815525,12.783004580089774,14.391314995850614,16.190882198356952,18.184942907045652,20.376160112410243,22.76659476110401,25.357679554683973,28.150195062857563,31.144248341224635,34.33925423418428,37.733919528995216,41.326230114106444,45.11344127773248,49.09207126787279,53.25789821503462,57.605960500731946,62.130560635302245,66.82527268725164,71.68295328531235,76.6957561927473,81.85515043149961,87.15194191139837,92.5762984978972,98.11777842937445,103.7653619740315,109.50748619517081,115.33208267411831,121.2266180180223,127.17813696581344,133.17330788374292,139.19847042874932,145.23968514290866,151.2827847280261,157.31342673917777,163.3171474264376,169.27941644473256,175.18569214714827,181.02147717261778
6.405265749697365,6.304968988569652,6.318461170208356,6.453122965529202,6.716218219072997,7.114856814516413,7.655956889742114,8.346206601502399,9.192025648060442,10.199526766583599,11.374477429694958,12.722261970389999,14.247844369224882,15.955731938807297,17.84994014351668,19.93395878879413,22.210719814635436,24.682566920133905,27.351227243755112,30.217785312325912,33.28265946486864,36.5455809450735,40.00557584355981,43.6609500562733,47.50927741106474,51.54739109529445,55.771378500444825,60.17657957931966,64.75758879194132,69.5082606938413,74.42171919859113,79.49037052546146,84.7059198169539,90.0593913919134,95.54115257350993,101.14094101011015,106.84789538409687,112.6505893818775,118.53706877611755,124.49489145174152,130.51117018719106,136.57261798383777,142.66559571973758,148.7761618887152,154.8901241700722,160.9930925639657,167.07053381576628,173.10782684308,179.09031887437246,185.00338200109195
6.4044826594000055,6.455322028099863,6.613645866448097,6.886800180510625,7.2820457440030335,7.806520442619409,8.467200793681751,9.27086284541141,10.224042669374258,11.332996671617208,12.603661952960591,14.041616958236366,15.652042656305342,17.439684499646393,19.40881540922301,21.56320003444937,23.906060533124673,26.44004411362898,29.167192575629304,32.08891407793181,35.205957353031685,38.51838857625923,42.025571085171336,45.72614813062875,49.61802882317143,53.69837742397905,57.963606107596,62.409371306096745,67.03057372192897,71.82136207523432,76.77514062863943,81.8845805088808,87.14163482133652,92.53755752894344,98.0629260439733,103.7076674555562,109.46108829359515,115.31190770627794,121.24829390530776,127.25790371203219,133.3279250166905,139.445121943275,145.59588249557015,151.7662684410708,157.94206717717606,164.1088453078563,170.25200365016963,176.35683337783522,182.4085730036386,188.39246589489093
6.5338485693041495,6.716393038005299,6.999971339423302,7.391919596659363,7.89952019555929,8.529963555580766,9.29030890364058,10.187444260382453,11.228045858223442,12.418537224019346,13.765048164456243,15.27337390327262,16.948934622692036,18.79673566672656,20.821328665741163,23.026773842658645,25.416603759537033,27.993788758538802,30.76070434882094,33.71910078052533,36.8700750400561,40.21404548840754,43.75072935289982,47.47912326646911,51.397487033646215,55.50333078428586,59.79340565679552,64.26369813158954,68.90942811557034,73.72505085320743,78.7042627190711,83.84001092028791,89.1245071141167,94.54924491965271,100.10502128030913,105.78196160414147,111.56954858977674,117.45665461742078,123.43157756213618,129.48207986544625,135.59543067647874,141.7584508564726,147.95756061887857,154.17882956131365,160.40802882830164,166.6306851305795,172.83213633296793,178.997588313729,185.1121727887602,191.1610057882713
6.747682066815004,7.042387905678069,7.43156686260268,7.922569779634196,8.522725066522968,9.239299846978257,10.079459938773752,11.050228881341182,12.158446238330619,13.410725411984428,14.813411218956444,16.37253748322136,18.09378490944603,19.98243950531364,22.04335182311203,24.280897293669366,26.698937922676343,29.30078561873156,32.08916741591708,35.0661928465367,38.23332371272845,41.5913464921862,45.140347601365434,48.87969172595925,52.80800340967762,56.92315207693704,61.22224064252096,65.70159784340946,70.35677440299298,75.18254311633702,80.17290292053346,85.32108698835273,90.61957485956921,96.06010859671191,101.63371292750261,107.3307193094149,113.14079382597642,119.05296880015014,125.05567798449465,131.13679516442056,137.28367598782503,143.48320281407632,149.72183235258586,155.98564584546673,162.26040152888925,168.53158909541656,174.78448586344922,181.00421435068924,187.1758009382767,193.2842353054914
7.001630075679643,7.388913243221175,7.864034260157263,8.434383010787686,9.10735797262916,9.890326688446677,10.790584906745721,11.815314608708062,12.971541155019372,14.266089797462282,15.705541812545814,17.296190521952433,19.043997473220447,20.95454905967705,23.03301386151511,25.284100992797683,27.712019737181677,30.32044075480412,33.11245913552144,36.090559569061455,39.25658389336632,42.611701270393525,46.15638122701615,49.89036978336221,53.812668874050125,57.92151924986096,62.214387026772705,66.68795402826717,71.33811204357637,76.15996110163786,81.14781183339984,86.29519197206656,91.59485701294761,97.0388050269174,102.61829559795488,108.32387282369893,114.14539229581976,120.07205194678852,126.09242662686209,132.19450624845314,138.365737312683,144.59306760846817,150.86299385539553,157.16161204033364,163.474670180385,169.7876232288079,176.0856898259663,182.35391058507744,188.577207593709,194.74044480221286
7.2528785308014605,7.7131864881560315,8.254657283419384,8.884743791354465,9.610938138150829,10.440731452925634,11.381572124504949,12.440822788156776,13.625716280241958,14.943310815517744,16.40044464956736,18.003690502591223,19.75931002710046,21.67320860830742,23.75089079161546,25.99741663347713,28.417359270513394,31.01476400180109,33.79310917392847,36.75526915171479,39.90347964880675,43.23930568254377,46.763612402802295,50.47653903116427,54.37747612891759,58.4650463935155,62.73708916366935,67.1906487904753,71.82196700829715,76.62647941552679,81.59881614898532,86.73280680932301,92.02148966748318,97.45712515479264,103.03121361218433,108.73451724392402,114.5570861963065,120.48828865252626,126.51684480863021,132.63086457094445,138.81788878742228,145.06493380655297,151.35853912931967,157.68481790517762,164.02950999881222,170.37803734105964,176.7155612605777,183.02704148039732,189.29729645250168,195.5110646958638
7.460350081401047,7.9742327100799155,8.562597377772512,9.232983427609227,9.992999661064395,10.850283324059273,11.812457438988746,12.887086713958753,14.081632273452136,15.403405471300191,16.85952105860793,18.45684999002117,20.20197216176142,22.101129380722362,24.160178869990045,26.384547618380434,28.77918788215235,31.34853414533264,34.09646184193791,37.02624813520423,40.14053504275627,43.44129518340532,46.92980041030672,50.60659357872366,54.47146368005734,58.52342455422054,62.760697372835615,67.1806970614017,71.78002280615317,76.55445276528364,81.49894307858317,86.60763124052124,91.87384387633705,97.29010893027922,102.84817224650715,108.53901849589711,114.35289637074956,120.2793479441783,126.307242059975,132.42481159500542,138.61969440814036,144.87897776589048,151.189246012466,157.5366312288602,163.90686660707564,170.28534224714105,176.65716306871872,183.00720851551003,189.32019371936119,195.58073178109748
7.58488790230969,8.133067210959402,8.749074935251134,9.440559802577868,10.215269673136508,11.081009717211852,12.045598785091265,13.116824204541338,14.302395258083642,15.609895606791637,17.04673494276997,18.6201001619744,20.336906360542375,22.203747964891893,24.22685031137897,26.412021995160085,28.764608307850526,31.28944608390997,33.99082027017184,36.87242252791981,39.93731216841466,43.187879711143154,46.62581334217173,50.252068533394464,54.066841067120976,58.06954369076112,62.25878660365733,66.63236195882078,71.18723253272933,75.91952469502797,80.82452578032246,85.89668593629018,91.12962449534055,96.51614088522246,102.04823006668514,107.7171024538157,113.51320824688781,119.42626607339957,125.44529580958273,131.55865542191052,137.7540816456969,144.01873428831703,150.33924392431027,156.70176272375133,163.09201813693198,169.49536913855115,175.896864718087,182.28130428895474,188.63329967649932,194.93733833510794
7.589424795825016,8.15286311139324,8.777535236193936,9.471221547767048,10.241830619055593,11.097356548012623,12.045834329592045,13.095293511011052,14.253710389527976,15.528959026297324,16.92876136643113,18.46063676627736,20.131851240926053,21.949366751756408,23.919790861660694,26.049327087863706,28.34372628515522,30.808239390121564,33.44757185422156,36.26584008741355,39.266530225883585,42.452459525475746,45.82574067180694,49.387749278708476,53.13909483332886,57.07959532257566,61.20825575677913,65.52325078126502,70.02191154185932,74.70071694461265,79.5552894211756,84.58039528257532,89.76994971557895,95.11702644448967,100.61387205088754,106.25192491420798,112.02183870350314,117.91351032275419,123.91611218093583,130.01812863001967,136.2073963853964,142.47114871904955,148.79606318729407,155.16831263469848,161.5736191923428,167.99731097012827,174.4243811242326,180.8395489669766,187.2273227725199,193.57206392227314
7.439136875428892,7.999103223879446,8.613798392483893,9.291155938885035,10.039265992598565,10.866331699794893,11.780623564810336,12.790431937136933,13.904017906226612,15.129562888564815,16.475117202658886,17.948547943381772,19.557486477257847,21.309275889134984,23.210918718590253,25.269025327264206,27.489763240762848,29.878807808794587,32.441294522729876,35.18177332445419,38.10416523293021,41.21172160253036,44.5069863153435,47.99176119226611,51.66707489266107,55.53315554800994,59.58940735805921,63.83439134848628,68.26581046873252,72.88049917719823,77.67441763509159,82.64265060034529,87.77941108136189,93.07804878073391,98.53106332756336,104.1301222639265,109.86608372235104,115.7290236968555,121.7082677823824,127.79242722577283,133.96943910425804,140.2266104186429,146.55066586370052,152.92779901344102,159.34372663630742,165.78374583578355,172.2327936930402,178.67550907241866,185.09629623798247,191.47938991679834
7.101581230569808,7.639715626409201,8.226192718102768,8.869119956421763,9.57678898344447,10.35763115729137,11.220170835905478,12.17297667020295,13.224611179030799,14.383578895037594,15.658273386682781,17.056923476076456,18.58753898346602,20.257856339754834,22.075284414042507,24.046850910338,26.17914968754735,28.478289357429475,30.94984351265871,33.5988029300765,36.429530087820424,39.445716322147916,42.65034193841313,46.04563957260648,49.63306108368555,53.41324823561628,57.38600740467231,61.55028852530985,65.9041684591212,70.44483894573348,75.16859926414271,80.0708537034222,85.14611391015865,90.38800614848071,95.78928347602908,101.34184280716322,107.03674680214183,112.8642504889617,118.81383249350655,124.8742307225387,131.03348231489556,137.27896764826525,143.59745816069534,149.97516772369585,156.3978072775128,162.85064241990708,169.3185536212025,175.7860987195928,182.23757734006062,188.65709686467767
6.546817085234611,7.0451924623385285,7.585671068144363,8.176554066186242,8.826353605258381,9.543747394690481,10.337530903339808,11.216567440116144,12.189736393409635,13.265879926967271,14.453748444620324,15.761945152772524,17.198870060053846,18.772663765995368,20.491151395900964,22.361787046146343,24.39159910580608,26.58713682027273,28.95441846014603,31.498881453233643,34.22533482829146,37.1379143097701,40.24004038778708,43.534379672310635,47.02280982247726,50.70638831989264,54.58532533284804,58.65896089391601,62.92574658460224,67.38323189490632,72.02805539437392,76.85594082017917,81.86169815719472,87.03922975050878,92.38154146030057,97.8807588327884,103.52814823061632,109.31414283142257,115.22837337150126,121.25970348038301,127.39626942155515,133.62552402497386,139.93428457010828,146.3087843523513,152.73472764136372,159.1973477177515,165.68146765627154,172.1715635049353,178.6518294957103,185.10624491035992
5.747510075723615,6.188691607584623,6.665909803135213,7.187678391984003,7.762747994837625,8.400059721783533,9.108696264516471,9.897830747585592,10.776673622114298,11.754417905756863,12.840183090740709,14.042958056020797,15.371543333245148,16.834493086479178,18.440057174539106,20.196123669653407,22.110162208734774,24.18916855515119,26.439610744335326,28.867377182490532,31.477727059089105,34.275243422163584,37.263789253296224,40.44646686113358,43.82558089498098,47.40260525821464,51.17815417789221,55.151957661917464,59.32284154755168,63.6887123162833,68.24654681950719,72.99238702792499,77.92133988536773,83.02758231400661,88.30437138333531,93.74405962376929,99.33811542833888,105.0771484556971,110.95093991124746,116.94847755415392,123.05799524376103,129.26701681219305,135.5624040176127,141.93040831076365,148.35672611794726,154.8265573249168,161.32466662376464,167.8354473674077,174.34298756179967,180.8311376126556
4.679019386880816,5.04612096094238,5.443390150839145,5.879571071842397,6.363669689398073,6.904906415505586,7.512666076639853,8.196445522724177,8.965799168008994,9.830282774641834,10.799395808117506,11.882522708956476,13.088873439862201,14.427423676792351,15.906855023517798,17.535495632144265,19.321261618123472,21.271599656528053,23.393431144702728,25.69309831153341,28.17631264360203,30.848105990064894,33.712784691769684,36.773887065253,40.03414455271538,43.49544682770977,47.158811122410725,51.02435601670446,55.09127990115504,59.357844297327794,63.82136218616044,68.47819146550574,73.32373362161756,78.35243766777121,83.55780936742325,88.93242572478277,94.46795469085862,100.15517999880926,105.9840310084368,111.94361740595633,118.02226857481462,124.20757742039866,130.48644840438178,136.84514951607645,143.26936788273176,149.74426869838172,156.2545571285087,162.7845428315809,169.31820671974688,175.83926957136754
3.319467599430848,3.5962052277812897,3.8974618541437516,4.232228702974955,4.609782806518047,5.03963857861073,5.531496643430248,6.095190193618659,6.740629175491676,7.477742619341681,8.31641945071576,9.266448136251714,10.337455531002298,11.538845306307865,12.879736344644424,14.36890149680881,16.014707098001782,17.82505364003521,19.80731799628498,21.96829758871087,24.314156878788918,26.85037655365293,29.581705763512666,32.512117751299776,35.64476919491187,38.98196356117191,42.52511874692895,46.27473925511657,50.23039312678328,54.390693819403396,58.75328718979968,63.314843707732024,68.07105599196568,73.01664172621103,78.14535197630315,83.44998489509709,88.92240476646079,94.55356630303453,100.33354407914504,106.25156694627425,112.29605724480773,118.45467459568344,124.7143640241223,131.06140814187492,137.4814830857681,143.9597178884751,150.48075693511495,157.02882514054227,163.58779546568354,170.14125837813828
1.6497932126725054,1.8205351808024164,2.0103891074825984,2.228608896989697,2.484757167500594,2.7886557853134177,3.1503335433194333,3.579971263622137,4.0878446285224825,4.684265064246554,5.379519021422153,6.183806013641815,7.107175789166999,8.159465023452332,9.350233929705189,10.688703189769257,12.18369161368336,13.843554934561872,15.676126144353187,17.688657771231103,19.88776648940264,22.279380443249394,24.868689651115098,27.66009983959813,30.657190037276113,33.86267423738335,37.278367411137964,40.9051561301344,44.74297402441317,48.790782274493495,53.04655530230925,57.50727179239962,62.1689111411136,67.02645539481446,72.07389670366891,77.30425027944207,82.70957281158026,88.28098625844896,94.00870689525772,99.88207946716744,105.88961626016435,112.01904087280587,118.25733643898144,124.59079802540339,131.0050888990284,137.48530033620972,144.01601462315577,150.58137087779295,157.1651333060644,163.75076149195357
-0.3462140826653295,-0.29640050933296536,-0.23262110556832477,-0.14534492125810278,-0.024710483008043793,0.1394236872670882,0.3574255930774304,0.6398336097467134,0.9972979666613515,1.4405201954544342,1.9801908973805427,2.6269261970788005,3.391203266899831,4.283295318162744,5.313206464419712,6.4906068698275785,7.824768598302377,9.324502581051252,10.998097117269655,12.853258317654396,14.897052892155248,17.135853672147654,19.575288242649513,22.22019104369369,25.07455927922596,28.141512950575542,31.423259305597334,34.92106196795081,38.63521498190038,42.565021976249696,46.708780619065735,51.063772500030794,55.62625854298856,60.391480013960205,65.35366515454389,70.50604143250192,75.84085336580992,81.34938583823359,87.0219927898378,92.84813112979545,98.81639968465966,104.91458296309332,111.12969948688436,117.44805440753967,123.85529610221298,130.33647641659516,136.8761142005588,143.45826176109313,150.06657384211044,156.68437872335622
-2.6818952001989977,-2.7672006700674965,-2.8434080500921795,-2.900696228610086,-2.9288928982495497,-2.9175261376154453,-2.8558790510013363,-2.733047175255308,-2.5379983374855932,-2.2596346257831064,-1.8868561146811604,-1.4086259683668043,-0.8140365312017792,-0.09237600055396555,0.7668047324210452,1.7736254946625696,2.9378109211049708,4.268625649650065,5.774811043742849,7.4645238627824195,9.345277289896476,11.42388471670075,13.706406668861863,16.198101241150034,18.903378387455977,21.825758391785723,24.967834817913513,28.3312422106345,31.916628789206115,35.723634344075045,39.75087351350272,43.995924582415014,48.45532391014421,53.12456605696116,57.99810964167885,63.06938892604223,68.33083108267098,73.77387906746009,79.3890199794638,85.16581875622938,91.09295701716452,97.15827683479601,103.34882918119979,109.65092676794353,116.05020096904404,122.531662491977,129.07976543760898,135.678474370775,142.31133400425242,148.96154108501648
-5.367720236155567,-5.601553944488597,-5.8308633269970995,-6.045525284705693,-6.2350460234590805,-6.388613704551005,-6.495154244190455,-6.5433899669393,-6.5219007893558025,-6.419187590703826,-6.223737404941426,-5.924090050262743,-5.508905797495808,-4.967033664804784,-4.287579916794236,-3.4599763375747052,-2.474047844948519,-1.320079010613611,0.01112094670523689,1.5281551220855967,3.2389782583528692,5.150838861055558,7.270224486580215,9.602810579579472,12.153413214131199,14.925946070757998,17.923381955300016,21.1477191381732,24.599952762123106,28.280051533843046,32.186939882796985,36.31848573325627,40.671494001140346,45.24170588821155,50.023804010587284,55.01142335736725,60.197168040164804,65.57263375423727,71.12843583548852,76.85424276059517,82.73881490341532,88.77004832457385,94.9350233418547,101.22005759527276,107.61076329517998,114.09210831410144,120.6484807601503,127.2637566483719,133.92137026973288,140.6043868400521
